gender,ever_married,work_type,Residence_type,hypertension,heart_disease,smoking_status,stroke
0,1,1,0,0,0,0,0
0,1,0,0,0,0,0,0
0,1,0,1,0,0,0,0
0,0,0,1,0,0,0,0
0,1,0,1,0,0,2,0
1,0,2,0,0,0,-1,0
0,0,0,0,0,0,0,0
0,1,0,0,0,0,0,0
1,0,0,1,0,0,0,0
1,0,0,1,0,0,-1,0
0,0,2,0,0,0,-1,0
0,1,0,1,0,0,0,0
1,1,0,0,0,0,0,0
0,0,0,1,0,0,-1,0
0,1,0,1,0,0,0,0
1,1,0,0,0,0,0,0
0,1,0,0,0,0,0,0
0,0,2,0,0,0,-1,0
1,1,0,0,0,0,1,0
0,1,0,0,0,0,0,0
0,1,0,1,0,0,0,0
1,1,0,1,0,0,0,0
0,1,0,1,0,0,0,0
0,1,0,0,1,0,0,0
0,1,0,1,0,0,-1,0
1,1,1,0,0,0,1,0
1,0,2,0,0,0,-1,0
1,1,0,1,0,0,1,0
0,0,0,0,0,0,0,0
0,1,0,0,0,0,0,0
1,1,0,0,0,0,0,0
0,1,0,1,0,0,0,0
0,0,2,0,0,0,-1,0
0,1,0,0,0,0,0,0
0,1,0,1,0,0,0,0
1,1,1,1,0,0,1,0
0,1,0,0,0,0,-1,0
0,1,0,0,0,0,0,0
1,1,0,0,0,0,0,0
0,0,2,0,0,0,-1,0
0,0,0,0,0,0,0,0
0,0,0,0,0,0,0,0
0,1,0,1,0,0,-1,0
0,0,0,1,0,0,-1,0
0,1,0,1,0,0,0,0
0,0,1,0,0,0,0,0
0,0,0,0,0,0,0,0
0,0,0,0,0,0,-1,0
0,1,0,0,0,0,0,0
0,0,2,1,0,0,-1,0
0,1,0,0,0,0,0,0
0,1,0,0,0,0,-1,0
0,0,2,0,0,0,0,0
1,1,0,1,0,0,1,0
1,0,0,0,0,0,0,0
0,1,1,0,0,0,0,0
0,1,0,1,0,0,1,0
1,0,2,1,0,0,-1,0
0,1,0,0,0,0,0,0
0,1,0,0,0,0,0,0
0,1,1,1,0,0,0,0
0,1,1,0,0,0,0,0
0,1,0,1,0,0,0,0
0,1,0,1,0,0,0,0
0,1,0,0,0,0,0,0
0,1,0,0,0,0,0,0
1,1,1,1,0,0,-1,0
0,0,0,0,0,0,0,0
1,1,0,0,0,0,-1,0
0,1,0,1,0,0,0,0
1,0,0,1,0,0,-1,0
0,0,0,1,0,0,0,0
1,1,0,1,0,0,1,0
1,1,0,1,0,0,1,0
0,0,0,0,0,0,0,0
0,1,0,1,0,0,0,0
0,1,0,1,0,0,1,0
0,0,0,0,0,0,0,0
1,0,0,0,0,0,0,0
1,1,0,1,0,0,1,0
1,0,0,1,0,0,0,0
0,1,0,0,0,0,0,0
1,1,0,0,0,0,2,0
0,0,0,0,0,0,-1,0
0,1,0,1,0,0,0,0
1,0,2,1,0,0,-1,0
0,1,0,0,0,0,0,0
0,0,0,0,0,0,0,0
1,1,0,0,0,0,1,0
1,0,2,0,0,0,-1,0
1,1,0,1,0,0,-1,0
0,0,0,1,0,0,0,0
1,0,0,1,0,0,2,0
0,0,1,1,0,0,0,0
0,1,0,0,0,0,-1,0
0,0,0,0,0,0,0,0
0,1,0,1,0,0,0,0
0,0,2,0,0,0,-1,0
0,1,1,0,0,0,-1,0
1,1,0,1,0,0,2,0
1,1,0,0,1,0,0,0
0,1,0,0,0,0,0,0
0,1,1,0,0,0,1,0
1,1,1,1,0,0,1,0
1,0,2,0,0,0,-1,0
1,0,0,0,0,0,-1,0
0,0,0,0,0,0,-1,0
0,0,0,1,0,0,0,0
0,0,2,0,0,0,-1,0
0,0,0,1,0,0,0,0
0,0,0,0,0,0,0,0
0,0,0,1,0,0,0,0
1,0,0,1,0,0,0,0
1,1,3,1,0,0,2,0
0,0,2,1,0,0,-1,0
1,1,0,0,0,0,2,0
1,1,0,1,0,0,-1,0
0,1,0,1,0,0,0,0
1,1,0,0,0,0,-1,0
0,1,0,0,0,0,0,0
0,1,0,1,0,0,0,0
1,1,0,0,1,0,1,0
0,1,0,1,0,0,0,0
0,0,0,1,0,0,0,0
0,1,0,1,0,0,0,0
0,0,0,1,0,0,0,0
0,0,2,0,0,0,-1,0
0,1,1,0,0,0,1,0
1,0,0,1,0,0,-1,0
1,0,2,1,0,0,-1,0
0,1,0,1,0,0,0,0
0,1,0,0,0,0,0,0
0,1,0,0,0,0,0,0
0,0,2,0,0,0,-1,0
0,1,1,1,0,0,0,0
0,1,0,1,0,0,0,0
0,1,1,1,0,0,0,0
0,0,0,1,0,0,0,0
1,0,2,1,0,0,-1,0
1,1,0,1,0,0,2,0
1,1,1,0,0,0,1,0
0,0,0,0,0,0,0,0
0,1,0,1,0,0,0,0
0,0,2,1,0,0,-1,0
0,1,0,1,0,0,0,0
1,1,0,1,0,0,1,0
0,0,0,1,0,0,-1,0
1,1,0,0,0,0,1,0
0,1,0,1,0,0,0,0
0,1,0,0,1,0,0,0
0,1,0,1,0,0,2,0
0,1,0,0,0,0,0,0
1,1,0,1,0,0,1,0
0,1,1,0,0,0,0,0
0,0,0,1,0,0,0,0
1,0,2,1,0,0,-1,0
1,0,0,0,0,0,0,0
0,0,2,1,0,0,-1,0
0,1,0,0,0,0,0,0
0,0,0,0,0,0,-1,0
0,1,0,1,0,0,2,0
0,1,0,0,0,0,0,0
0,0,3,0,0,0,1,0
1,0,0,1,0,0,-1,0
0,0,2,1,0,0,-1,0
0,1,0,1,0,0,0,0
0,0,0,1,0,0,0,0
0,1,0,0,0,0,0,0
0,1,0,0,0,0,0,0
1,0,2,1,0,0,-1,0
0,1,0,0,0,0,0,0
0,1,0,1,0,0,1,0
0,1,0,1,0,0,0,0
0,1,0,1,0,0,0,0
0,0,0,1,0,0,0,0
1,0,2,0,0,0,-1,0
0,0,0,0,0,0,0,0
1,1,0,1,0,0,-1,0
1,0,0,0,0,0,0,0
1,1,0,1,0,0,-1,0
0,0,2,1,0,0,-1,0
0,1,0,0,0,0,0,0
0,1,0,0,0,0,0,0
0,1,0,0,0,0,0,0
0,1,0,0,0,0,0,0
0,1,0,1,0,0,0,0
1,1,1,0,0,0,1,0
0,0,0,0,0,0,-1,0
0,0,0,0,0,0,0,0
1,0,2,0,0,0,-1,0
0,1,0,0,0,0,0,0
0,0,0,1,0,0,0,0
1,1,0,1,1,1,1,0
0,1,0,1,0,0,0,0
1,0,2,0,0,0,-1,0
0,1,0,1,0,0,1,0
0,1,0,0,0,0,0,0
0,1,0,0,0,0,0,0
1,0,2,1,0,0,-1,0
1,0,0,0,0,0,0,0
1,1,0,1,0,0,1,0
0,0,0,0,0,0,0,0
0,0,0,0,0,0,0,0
0,0,2,0,0,0,0,0
1,0,2,1,0,0,-1,0
0,1,1,0,0,0,0,0
0,1,0,1,0,0,-1,0
1,0,0,0,0,0,-1,0
0,1,0,1,0,0,0,0
0,1,0,0,0,0,0,0
0,1,0,1,0,0,0,0
1,0,2,1,0,0,-1,0
0,1,0,0,0,0,2,0
1,0,0,0,0,0,0,0
0,1,0,0,0,0,0,0
1,1,0,1,0,0,1,0
0,1,1,0,0,0,1,0
1,0,2,1,0,0,-1,0
1,0,2,1,0,0,-1,0
0,0,0,1,0,0,-1,0
1,1,0,0,0,0,0,0
1,1,0,1,0,0,1,0
0,1,0,1,0,0,-1,0
1,0,0,0,0,0,-1,0
0,1,0,0,0,0,0,0
0,0,0,1,0,0,-1,0
0,1,0,1,0,0,2,0
1,0,2,0,0,0,-1,0
0,0,2,0,0,0,-1,0
0,0,1,0,0,0,0,0
0,1,0,1,0,0,0,0
0,1,0,1,0,0,0,0
0,0,0,1,0,0,0,0
0,0,0,1,0,0,-1,0
0,0,0,0,0,0,0,0
1,1,0,1,0,0,2,0
1,1,0,1,0,0,1,0
1,1,1,1,0,0,1,0
1,1,0,0,0,0,2,0
0,1,0,0,0,0,1,0
1,1,0,0,0,0,0,0
0,0,2,1,0,0,-1,0
0,1,0,1,0,0,2,0
1,1,0,0,0,0,0,0
0,1,0,0,0,0,0,0
1,1,0,1,0,0,0,0
1,1,0,1,0,0,0,0
0,1,0,0,0,0,-1,0
1,1,0,0,0,0,0,0
0,0,2,1,0,0,-1,0
1,1,0,1,0,0,-1,0
0,1,0,1,0,0,0,0
0,1,0,1,0,0,0,0
0,1,0,0,0,0,0,0
1,0,2,0,0,0,-1,0
0,1,0,0,0,0,0,0
0,1,0,1,0,0,0,0
0,1,0,0,0,0,0,0
0,0,2,1,0,0,0,0
0,0,0,1,0,0,2,0
0,0,0,0,0,0,0,0
0,0,3,1,0,0,0,0
0,1,0,0,0,0,0,0
0,0,0,0,0,0,0,0
0,1,0,0,0,0,0,0
1,0,2,1,0,0,-1,0
1,1,0,0,0,0,0,0
0,1,0,1,1,0,1,0
0,1,0,0,0,0,0,0
1,0,2,0,0,0,-1,0
0,0,0,1,0,0,0,0
0,1,0,1,0,0,0,0
0,1,1,1,0,0,0,0
0,1,0,0,0,0,0,0
0,0,2,1,0,0,-1,0
0,0,0,0,0,0,0,0
0,1,0,1,0,0,2,0
0,1,1,1,1,0,1,0
0,1,0,1,0,0,0,0
0,1,0,1,0,0,0,0
0,0,0,1,0,0,0,0
1,0,2,0,0,0,-1,0
1,1,0,1,0,0,0,0
0,0,0,0,0,0,0,0
0,0,1,1,0,0,-1,0
0,0,0,0,0,0,-1,0
0,1,0,1,0,0,-1,0
0,1,0,0,0,0,1,0
1,0,0,0,0,0,0,0
0,0,0,0,0,0,0,0
0,1,0,0,0,0,0,0
0,1,0,0,0,0,0,0
1,0,0,1,0,0,-1,0
1,1,0,0,0,0,0,0
0,1,0,1,0,0,0,0
0,1,0,1,0,0,-1,0
1,0,0,0,0,0,0,0
0,0,0,1,0,0,0,0
1,0,2,1,0,0,-1,0
0,1,0,1,0,0,0,0
0,1,0,1,0,0,1,0
0,1,0,1,0,0,2,0
1,1,0,1,0,0,-1,0
1,1,0,1,0,0,0,0
1,0,2,0,0,0,-1,0
0,1,0,0,0,0,2,0
0,1,0,1,0,0,-1,0
0,1,1,1,0,0,0,0
1,1,0,1,0,0,0,0
0,0,0,0,0,0,0,0
0,1,0,0,0,0,0,0
1,1,0,0,0,0,1,0
1,1,0,0,0,0,1,0
0,1,0,1,0,0,1,0
0,1,0,1,0,0,-1,0
0,0,0,1,0,0,0,0
0,0,2,1,0,0,-1,0
0,1,1,0,0,0,1,0
0,0,0,0,0,0,0,0
0,0,0,0,0,0,0,0
0,0,0,1,0,0,0,0
0,1,0,0,0,0,0,0
1,0,2,0,0,0,-1,0
0,1,0,0,0,0,0,0
0,0,0,1,0,0,0,0
1,0,2,0,0,0,-1,0
1,1,0,1,0,0,1,0
0,1,0,1,0,0,0,0
0,1,0,1,0,0,0,0
1,1,0,1,0,0,0,0
0,1,0,1,0,0,0,0
0,1,0,0,0,0,0,0
1,1,0,1,0,0,2,0
0,1,0,0,0,0,0,0
0,1,0,0,0,0,1,0
0,1,0,1,0,0,0,0
0,0,0,0,0,0,0,0
0,0,0,1,0,0,0,0
0,0,2,0,0,0,-1,0
1,0,0,0,0,0,0,0
0,1,0,1,0,0,0,0
0,1,0,1,0,0,0,0
0,1,0,1,0,0,0,0
0,1,1,1,0,0,0,0
0,1,0,0,0,0,0,0
0,0,0,1,0,0,0,0
0,1,0,1,1,0,0,0
1,0,0,1,0,0,0,0
0,1,0,1,0,0,1,0
1,1,0,1,0,0,1,0
0,0,2,0,0,0,-1,0
0,1,0,1,0,0,0,0
0,0,0,1,0,0,0,0
0,1,0,1,0,0,0,0
0,1,0,1,0,0,0,0
0,1,0,1,0,0,0,0
0,1,0,1,0,0,0,0
0,0,2,1,0,0,-1,0
0,1,0,1,0,0,2,0
0,1,0,0,0,0,0,0
0,1,1,0,0,0,0,0
0,1,0,1,0,0,0,0
1,1,0,0,0,0,0,0
1,1,0,1,0,0,0,0
0,0,2,1,0,0,-1,0
0,1,0,1,0,0,1,0
0,1,0,0,0,0,-1,0
0,0,0,0,0,0,-1,0
1,1,0,1,0,0,0,0
1,1,0,1,0,0,1,0
0,1,0,0,0,0,0,0
0,1,0,0,0,0,0,0
1,1,0,1,0,0,1,0
0,1,0,1,0,0,1,0
0,1,0,1,0,0,2,0
0,0,1,0,0,0,1,0
0,0,0,0,0,0,-1,0
0,0,0,0,0,0,-1,0
1,0,0,1,0,0,-1,0
1,0,0,0,0,0,0,0
1,1,0,0,0,0,1,0
1,1,0,1,0,0,2,0
0,0,0,0,0,0,0,0
0,1,0,0,0,0,0,0
1,1,0,1,0,0,0,0
0,1,0,1,0,0,0,0
0,1,0,1,0,0,0,0
0,1,0,1,0,0,2,0
1,1,0,1,0,0,0,0
1,0,0,1,0,0,-1,0
1,0,2,0,0,0,-1,0
0,1,0,0,0,0,-1,0
1,1,0,0,0,0,1,0
0,1,0,1,0,0,0,0
0,1,3,0,0,0,2,0
1,1,0,0,0,0,1,0
0,1,0,1,0,0,0,0
1,0,0,1,0,0,-1,0
0,1,0,1,0,0,0,0
0,1,0,1,0,0,1,0
0,1,0,1,0,0,0,0
0,1,0,0,0,0,0,0
1,1,0,0,0,0,0,0
0,1,0,0,0,0,-1,0
0,1,0,0,0,0,0,0
0,0,0,1,0,0,-1,0
0,1,0,1,0,0,-1,0
1,0,0,0,0,0,0,0
1,0,0,1,0,0,-1,0
0,1,0,1,0,0,0,0
1,0,0,1,0,0,0,0
0,1,0,1,0,0,1,0
1,1,0,0,0,0,2,0
1,0,2,1,0,0,-1,0
1,1,0,0,1,0,0,0
1,1,0,1,0,0,1,0
0,1,0,0,0,0,0,0
0,1,0,0,0,0,0,0
0,1,0,1,0,0,-1,0
0,1,0,0,0,0,0,0
0,1,0,1,0,0,0,0
0,1,0,0,0,0,0,0
0,0,0,0,0,0,0,0
0,1,0,1,0,0,0,0
0,1,0,0,0,0,0,0
0,1,0,0,0,0,0,0
0,0,0,0,0,0,0,0
1,1,0,0,0,0,1,0
0,1,0,0,0,0,0,0
1,0,0,0,0,0,0,0
0,1,0,0,0,0,0,0
1,1,0,0,0,0,-1,0
0,1,0,0,1,0,0,0
0,1,0,0,0,0,0,0
0,0,0,1,0,0,-1,0
1,0,1,1,0,0,-1,0
0,1,0,0,0,0,0,0
0,1,0,1,0,0,0,0
1,0,2,1,0,0,-1,0
0,1,0,1,0,0,0,0
1,1,0,1,0,0,2,0
1,1,0,1,0,0,0,0
0,0,0,1,0,0,0,0
0,0,2,1,0,0,-1,0
0,1,0,0,0,0,0,0
0,1,0,1,0,0,0,0
1,1,0,1,1,0,0,0
0,1,0,1,0,0,2,0
0,0,1,0,0,0,0,0
1,1,0,0,0,0,1,0
0,1,0,0,0,0,0,0
1,0,0,0,0,0,-1,0
0,0,0,0,0,0,0,0
0,0,1,1,0,0,0,0
0,0,2,0,0,0,-1,0
1,0,2,1,0,0,-1,0
1,1,0,1,0,0,0,0
0,1,0,0,0,0,-1,0
0,1,0,0,0,0,0,0
1,1,0,1,0,0,2,0
0,1,0,1,0,0,0,0
0,1,0,0,0,0,0,0
0,1,0,0,0,0,0,0
0,1,0,1,0,0,2,0
0,1,0,1,0,0,0,0
0,0,0,1,0,0,0,0
1,1,0,1,0,0,1,0
0,0,0,1,0,0,0,0
1,0,0,0,0,0,0,0
0,1,0,0,0,0,0,0
0,1,0,1,0,0,0,0
0,0,0,1,0,0,0,0
0,0,0,1,0,0,0,0
0,1,0,1,1,0,0,0
0,1,0,1,0,0,0,0
0,1,0,0,0,0,0,0
0,0,0,0,0,0,-1,0
0,0,0,0,0,0,0,0
1,1,0,0,0,0,0,0
0,1,3,0,0,0,0,0
0,1,0,1,0,0,2,0
1,1,0,0,0,0,0,0
0,0,2,0,0,0,-1,0
1,0,0,0,0,0,-1,0
0,0,2,1,0,0,-1,0
1,1,0,0,0,0,0,0
1,0,2,0,0,0,-1,0
0,1,0,0,0,0,0,0
0,0,0,1,0,0,0,0
1,1,3,1,0,0,2,0
1,1,0,0,0,0,0,0
0,0,0,0,0,0,0,0
0,1,1,1,0,0,0,0
0,1,0,1,0,0,0,0
1,1,0,1,0,0,1,0
0,1,0,1,0,0,2,0
1,0,0,0,0,0,0,0
0,1,0,0,0,0,1,0
0,0,0,0,0,0,0,0
0,0,2,1,0,0,0,0
1,0,2,0,0,0,-1,0
0,0,0,0,0,0,-1,0
0,1,0,0,0,0,0,0
0,1,0,0,0,0,0,0
1,1,0,0,0,0,0,0
0,0,2,1,0,0,-1,0
0,0,0,0,0,0,0,0
0,1,0,0,0,0,0,0
1,0,0,1,0,0,0,0
0,1,0,0,0,0,0,0
0,1,0,0,0,0,0,0
0,0,0,1,0,0,0,0
0,1,0,0,0,0,0,0
0,1,0,0,0,0,0,0
1,1,0,1,0,0,1,0
0,1,1,0,0,0,1,0
0,0,0,0,0,0,-1,0
0,1,0,1,0,0,0,0
0,0,0,1,0,0,-1,0
0,0,0,1,0,0,0,0
0,1,0,0,0,0,0,0
0,0,2,0,0,0,-1,0
1,0,0,0,0,0,2,0
1,1,0,1,0,0,0,0
0,1,1,0,0,0,0,0
0,0,0,0,0,0,-1,0
1,1,0,0,0,0,-1,0
0,1,0,1,0,0,0,0
0,1,1,0,0,0,-1,0
0,0,2,0,0,0,-1,0
0,1,0,1,0,0,0,0
1,1,0,1,0,0,0,0
0,0,2,1,0,0,-1,0
0,1,0,1,0,0,0,0
0,1,0,0,0,0,0,0
0,0,0,0,0,0,0,0
0,0,0,1,0,0,0,0
0,0,0,0,0,0,-1,0
0,1,0,0,1,0,0,0
0,1,1,1,0,0,0,0
1,1,0,1,0,0,-1,0
0,1,0,0,0,0,1,0
0,1,0,0,0,0,0,0
1,0,2,1,0,0,-1,0
0,1,0,0,0,0,0,0
0,1,0,0,0,0,0,0
0,1,1,0,0,0,1,0
0,0,0,0,0,0,0,0
0,1,0,0,0,0,0,0
0,0,0,0,0,0,-1,0
0,0,0,0,0,0,0,0
0,0,0,0,0,0,-1,0
1,0,2,1,0,0,-1,0
0,1,3,1,0,0,2,0
0,0,0,0,0,0,-1,0
0,1,0,1,0,0,1,0
1,1,0,1,0,0,1,0
0,1,0,0,0,0,1,0
0,1,0,1,0,0,0,0
0,1,0,1,0,0,0,0
0,1,1,1,0,0,0,0
1,0,2,1,0,0,-1,0
0,1,1,1,0,0,0,0
1,0,2,1,0,0,-1,0
0,0,0,1,0,0,0,0
0,1,0,1,0,0,0,0
0,1,0,0,0,0,0,0
1,0,0,0,0,0,0,0
0,1,0,1,0,0,0,0
1,1,0,1,0,0,1,0
0,0,2,0,0,0,-1,0
0,0,0,0,0,0,0,0
0,1,0,1,0,0,-1,0
0,1,0,0,0,0,0,0
0,1,1,0,0,0,1,0
0,0,0,1,0,0,0,0
0,0,0,0,0,0,-1,0
0,0,2,0,0,0,-1,0
0,1,0,1,0,0,0,0
1,1,0,0,0,1,1,0
0,1,0,0,0,0,0,0
0,0,0,0,0,0,-1,0
0,0,0,0,0,0,-1,0
0,1,0,0,0,0,1,0
1,0,0,1,0,0,0,0
0,1,1,0,0,0,0,0
0,0,0,1,0,0,-1,0
0,1,0,0,0,0,0,0
1,1,0,0,0,0,-1,0
0,0,0,0,0,0,0,0
1,1,0,0,0,0,0,0
0,1,1,1,0,0,0,0
0,1,0,1,0,0,0,0
1,1,0,0,1,0,1,0
0,1,1,1,0,0,1,0
1,0,0,0,0,0,0,0
0,1,0,0,0,0,0,0
1,1,0,1,0,0,2,0
1,0,2,1,0,0,-1,0
1,0,2,1,0,0,-1,0
0,1,0,1,0,0,0,0
0,1,3,0,0,0,0,0
1,0,2,0,0,0,-1,0
1,0,0,1,0,0,0,0
0,1,0,0,0,0,0,0
0,1,0,0,0,0,0,0
1,1,0,1,0,0,0,0
0,0,0,1,0,0,0,0
0,1,0,1,0,0,0,0
0,1,0,1,0,0,0,0
0,0,1,0,0,0,0,0
1,0,0,1,0,0,-1,0
0,0,0,0,0,0,-1,0
0,1,0,1,0,0,0,0
1,1,0,1,0,0,2,0
0,0,0,0,0,0,0,0
0,0,0,0,0,0,0,0
0,0,2,0,0,0,-1,0
0,1,0,1,0,0,0,0
0,1,0,0,0,0,0,0
0,1,0,1,0,0,0,0
0,1,0,0,0,0,1,0
0,0,0,0,0,0,0,0
1,1,0,0,0,0,-1,0
1,1,0,0,0,0,2,0
1,1,0,1,0,0,-1,0
0,1,3,0,0,0,2,0
0,1,0,0,0,0,0,0
0,0,2,0,0,0,-1,0
1,1,0,0,0,0,0,0
0,1,0,1,0,0,1,0
1,0,2,1,0,0,-1,0
0,1,0,0,0,0,0,0
0,1,0,0,0,0,1,0
1,1,0,0,0,0,1,0
0,1,0,1,0,0,2,0
0,1,0,0,0,0,0,0
0,0,0,0,0,0,-1,0
0,1,0,0,0,0,0,0
0,1,0,0,0,0,0,0
0,1,0,0,0,0,2,0
1,1,0,1,0,0,0,0
0,1,0,0,0,0,0,0
1,0,2,0,0,0,-1,0
1,1,0,1,0,0,0,0
0,1,0,1,0,0,0,0
0,1,0,0,0,0,0,0
0,1,0,1,0,0,0,0
0,1,0,0,0,0,0,0
0,1,0,0,0,0,0,0
1,1,0,1,0,0,1,0
0,1,0,1,0,0,1,0
0,1,0,0,0,0,0,0
1,1,0,0,1,0,1,0
1,1,0,1,0,0,1,0
0,0,2,0,0,0,-1,0
0,0,0,0,0,0,0,0
0,1,0,1,0,0,0,0
1,0,0,0,0,0,2,0
0,1,1,0,0,0,1,0
0,1,0,0,0,0,0,0
0,1,0,0,0,0,0,0
0,0,2,1,0,0,-1,0
1,0,2,1,0,0,-1,0
0,1,0,0,0,0,-1,0
0,0,0,0,0,0,0,0
1,1,0,0,0,0,1,0
0,1,0,0,0,0,0,0
1,1,0,0,0,0,0,0
0,1,0,0,0,0,0,0
0,0,0,0,0,0,0,0
0,0,0,0,0,0,0,0
1,0,0,1,0,0,0,0
0,1,0,1,0,0,0,0
0,1,0,1,1,0,0,0
0,0,3,1,0,0,0,0
0,1,0,1,0,0,0,0
0,0,2,1,0,0,0,0
0,0,1,0,0,0,0,0
1,0,2,0,0,0,-1,0
0,0,0,1,0,0,0,0
0,1,0,1,0,0,0,0
0,0,0,0,0,0,-1,0
1,1,0,0,0,0,1,0
0,0,2,0,0,0,-1,0
1,1,0,0,0,0,1,0
0,1,0,0,0,0,0,0
1,1,0,1,0,0,1,0
0,1,0,1,0,0,0,0
0,1,0,1,0,0,2,0
0,1,1,1,0,0,1,0
1,0,3,1,0,0,2,0
0,1,0,0,0,0,-1,0
1,0,2,0,0,0,-1,0
1,0,2,0,0,0,-1,0
0,1,0,1,0,0,0,0
1,1,0,1,0,0,-1,0
1,1,0,0,1,0,0,0
0,1,0,1,0,0,2,0
1,1,0,1,0,0,0,0
0,1,1,0,0,0,0,0
1,0,2,0,0,0,-1,0
1,0,0,0,0,0,0,0
0,0,0,0,0,0,0,0
1,1,0,0,0,0,0,0
0,1,0,0,0,0,-1,0
0,1,0,0,1,0,0,0
1,1,0,0,0,0,0,0
0,0,0,0,0,0,0,0
0,0,2,0,0,0,-1,0
1,0,2,0,0,0,-1,0
1,1,0,0,0,0,0,0
0,1,0,0,0,0,2,0
0,1,0,1,0,0,0,0
1,1,0,1,0,0,0,0
0,1,3,1,0,0,2,0
1,0,2,1,0,0,-1,0
0,0,1,0,0,0,-1,0
1,0,2,1,0,0,-1,0
1,0,2,1,0,0,-1,0
1,0,2,0,0,0,-1,0
0,1,0,1,0,0,0,0
1,1,0,0,0,0,1,0
0,1,0,1,0,0,0,0
0,0,2,1,0,0,-1,0
1,1,0,1,0,0,1,0
1,1,0,1,0,0,2,0
0,1,0,0,1,0,0,0
0,0,0,1,0,0,0,0
0,0,2,0,0,0,-1,0
0,1,0,1,0,0,0,0
0,0,0,1,0,0,-1,0
1,0,0,0,0,0,-1,0
0,1,0,1,0,0,0,0
1,1,0,0,0,0,2,0
0,0,2,0,0,0,-1,0
1,1,0,0,1,0,2,0
0,1,0,1,0,0,0,0
0,1,1,1,1,0,0,0
1,1,0,0,0,0,0,0
0,1,0,0,0,0,1,0
0,1,0,1,0,0,1,0
0,1,0,1,0,0,-1,0
0,1,0,0,0,0,0,0
0,1,0,0,0,0,0,0
1,1,0,0,0,0,0,0
0,1,1,1,0,0,0,0
0,0,2,1,0,0,-1,0
0,1,0,0,0,0,0,0
0,1,0,0,0,0,0,0
0,0,0,1,0,0,0,0
1,1,0,0,0,0,0,0
1,1,0,1,0,0,1,0
1,0,2,1,0,0,-1,0
0,1,0,0,0,0,0,0
0,0,2,1,0,0,-1,0
1,1,0,1,0,0,0,0
0,1,0,1,0,0,0,0
1,0,2,0,0,0,-1,0
1,0,2,0,0,0,-1,0
1,1,0,0,0,0,1,0
0,1,0,0,0,0,2,0
0,1,0,1,0,0,0,0
0,1,0,0,0,0,0,0
0,1,0,1,0,0,0,0
1,1,0,1,0,0,2,0
1,0,2,0,0,0,-1,0
1,1,0,0,0,0,-1,0
0,1,0,0,0,0,-1,0
0,0,0,1,0,0,-1,0
0,1,0,1,0,0,-1,0
1,0,0,1,0,0,0,0
0,0,0,0,0,0,2,0
0,1,0,1,0,0,0,0
0,0,2,0,0,0,-1,0
1,1,0,1,0,0,0,0
1,1,0,0,0,0,0,0
0,0,2,0,0,0,-1,0
0,1,3,0,0,0,0,0
0,1,0,0,0,0,0,0
0,1,0,0,0,0,0,0
1,0,2,0,0,0,-1,0
0,1,1,1,0,0,1,0
0,1,0,0,0,0,-1,0
0,1,0,1,0,0,0,0
1,0,2,1,0,0,-1,0
0,0,0,0,0,0,0,0
0,1,0,0,0,0,0,0
0,1,0,0,0,0,0,0
0,1,1,0,0,0,1,0
1,0,0,1,0,0,0,0
1,1,0,1,0,0,-1,0
0,1,0,0,0,0,0,0
1,1,1,1,0,0,1,0
0,0,0,1,0,0,0,0
0,0,2,1,0,0,-1,0
1,0,2,1,0,0,-1,0
0,1,1,1,0,0,0,0
1,1,0,1,0,0,-1,0
1,0,2,1,0,0,-1,0
0,1,0,0,0,0,0,0
0,1,0,0,0,0,0,0
0,1,0,0,0,0,1,0
1,1,0,1,0,0,1,0
0,1,1,0,1,0,0,0
1,1,0,0,0,0,0,0
0,1,0,1,0,0,0,0
0,1,0,0,0,0,0,0
0,0,0,1,0,0,0,0
0,1,0,1,0,0,1,0
1,1,0,0,0,0,1,0
0,1,1,1,1,0,1,0
0,1,0,1,0,0,2,0
1,1,0,1,0,0,-1,0
1,0,0,1,0,0,0,0
0,1,0,1,0,0,-1,0
1,0,0,1,0,0,2,0
0,1,0,0,1,0,0,0
0,0,2,0,0,0,-1,0
0,1,0,0,0,0,-1,0
0,0,0,0,0,0,0,0
0,0,2,1,0,0,-1,0
0,1,1,1,0,0,0,0
0,0,2,0,0,0,-1,0
0,1,0,1,0,0,0,0
0,1,0,1,0,0,2,0
0,0,0,0,0,0,0,0
0,1,0,1,0,0,0,0
0,1,0,0,0,0,0,0
0,1,0,1,0,0,-1,0
1,1,0,0,0,0,0,0
0,1,0,1,0,0,-1,0
0,0,0,0,0,0,-1,0
1,0,2,1,0,0,-1,0
0,0,2,1,0,0,-1,0
1,0,0,1,0,0,0,0
0,0,0,0,0,0,-1,0
0,0,2,1,0,0,-1,0
1,0,2,0,0,0,-1,0
1,0,0,0,0,0,0,0
0,0,0,0,0,0,2,0
0,1,1,1,0,0,-1,0
1,0,2,1,0,0,-1,0
0,0,0,0,0,0,0,0
0,1,0,1,0,0,0,0
0,1,0,0,0,0,1,0
0,0,0,0,0,0,0,0
0,1,1,0,0,0,-1,0
1,1,0,1,0,0,0,0
0,1,1,1,0,0,1,0
1,0,0,1,0,0,0,0
0,1,0,0,0,0,0,0
0,0,2,1,0,0,-1,0
0,0,2,0,0,0,-1,0
0,1,0,0,1,0,0,0
1,1,1,1,0,1,1,0
0,1,0,1,0,0,0,0
0,0,2,0,0,0,-1,0
0,1,0,0,0,0,1,0
1,1,0,1,0,0,0,0
1,1,0,1,0,0,0,0
0,1,0,0,1,0,0,0
1,1,0,1,0,0,-1,0
0,0,0,0,0,0,0,0
1,0,2,0,0,0,-1,0
1,0,1,1,0,0,0,0
0,1,0,0,0,0,0,0
1,1,0,1,0,0,0,0
0,0,0,1,0,0,0,0
0,0,0,0,0,0,0,0
0,0,2,1,0,0,-1,0
1,1,0,0,0,0,1,0
0,1,0,0,0,0,0,0
0,1,0,0,0,0,-1,0
0,0,1,0,0,0,0,0
0,0,0,1,0,0,0,0
0,1,0,0,0,0,0,0
0,0,2,0,0,0,0,0
0,1,0,1,0,0,-1,0
0,1,0,0,0,0,0,0
1,0,2,0,0,0,-1,0
0,0,0,0,0,0,-1,0
1,1,0,1,0,0,0,0
1,0,0,0,0,0,-1,0
0,0,0,0,0,0,0,0
0,0,2,1,0,0,-1,0
0,0,0,0,0,0,0,0
1,1,0,0,0,0,0,0
0,1,1,1,0,0,0,0
0,1,0,1,0,0,0,0
0,0,0,0,0,0,0,0
0,1,0,1,0,0,0,0
1,0,0,0,0,0,0,0
1,0,2,1,0,0,-1,0
1,0,2,0,0,0,-1,0
1,1,0,0,0,0,-1,0
1,0,0,0,0,0,-1,0
0,1,1,0,0,0,1,0
0,0,0,0,0,0,0,0
0,1,0,1,0,0,0,0
0,0,0,1,0,0,0,0
0,1,0,0,0,0,2,0
1,0,2,1,0,0,-1,0
1,1,0,1,0,0,-1,0
1,1,0,1,0,0,-1,0
0,1,0,0,0,0,0,0
0,1,0,0,0,0,0,0
1,1,0,1,0,0,1,0
0,1,0,0,0,0,0,0
0,0,0,0,0,0,0,0
1,1,0,0,0,0,0,0
0,0,2,1,0,0,-1,0
0,1,0,1,0,0,2,0
0,0,2,0,0,0,-1,0
0,1,0,0,0,0,1,0
0,1,1,0,0,0,0,0
0,1,0,1,0,0,0,0
0,0,0,0,0,0,0,0
0,1,0,0,0,0,0,0
1,1,0,1,0,0,2,0
0,1,0,1,0,0,0,0
0,1,0,1,0,0,0,0
0,1,0,1,0,0,0,0
0,1,0,1,0,0,0,0
1,0,2,0,0,0,-1,0
0,1,0,1,0,0,0,0
0,0,0,0,0,0,0,0
0,1,0,1,0,0,0,0
0,1,1,1,0,0,0,0
0,1,0,0,0,0,0,0
1,1,0,0,0,0,0,0
1,0,2,1,0,0,-1,0
1,1,0,0,0,0,0,0
0,1,1,0,0,0,1,0
0,0,0,0,0,0,-1,0
0,1,0,1,0,0,0,0
1,1,0,0,0,0,0,0
1,1,0,0,1,0,0,0
1,1,0,1,0,0,-1,0
1,1,0,0,0,0,1,0
1,1,0,0,0,0,0,0
0,0,0,0,0,0,0,0
0,1,0,1,0,0,0,0
0,1,0,1,0,0,0,0
1,1,0,1,0,0,1,0
0,1,0,0,0,0,0,0
0,1,0,1,0,0,1,0
1,1,0,1,1,0,0,0
1,1,0,0,0,0,0,0
0,0,0,0,0,0,-1,0
0,1,0,1,0,0,0,0
0,1,0,0,0,0,0,0
0,1,0,0,0,0,0,0
1,1,0,1,0,0,0,0
0,1,1,0,1,0,2,0
0,0,0,0,0,0,-1,0
0,0,2,1,0,0,-1,0
1,1,0,0,0,0,0,0
0,1,0,1,0,0,2,0
1,0,0,1,0,0,0,0
1,0,2,0,0,0,-1,0
0,0,0,0,0,0,0,0
0,0,0,1,0,0,0,0
0,0,0,1,0,0,0,0
0,1,3,0,0,0,0,0
0,1,0,0,0,0,0,0
0,0,0,0,0,0,-1,0
0,1,0,1,0,0,0,0
0,1,0,1,0,0,-1,0
0,0,2,0,0,0,-1,0
1,1,1,1,0,0,0,0
0,1,0,1,0,0,1,0
1,1,0,0,0,0,0,0
0,1,0,0,1,0,1,0
0,1,0,1,0,0,0,0
0,1,0,1,0,0,0,0
0,1,0,0,0,0,-1,0
1,1,0,1,0,0,0,0
1,1,0,1,0,0,0,0
0,1,0,0,0,0,0,0
1,0,0,1,0,0,0,0
0,0,2,1,0,0,-1,0
0,0,0,1,0,0,0,0
0,0,0,0,0,0,0,0
1,0,2,0,0,0,-1,0
1,0,2,1,0,0,-1,0
1,0,1,1,0,0,1,0
0,1,0,1,0,0,-1,0
0,1,1,0,1,0,0,1
0,1,0,1,0,0,0,0
0,0,2,1,0,0,-1,0
0,1,0,1,0,0,0,0
1,0,0,1,0,0,-1,0
0,1,0,0,0,0,2,0
0,1,0,0,0,0,1,0
1,0,2,0,0,0,-1,0
0,1,1,1,0,0,0,0
0,1,0,0,0,0,1,0
0,1,0,0,0,0,0,0
0,1,0,1,0,0,0,0
0,1,3,1,0,0,1,0
0,1,0,0,0,0,0,0
0,1,1,0,0,0,0,0
1,1,0,1,0,0,0,0
0,1,0,1,0,0,0,0
1,1,0,1,0,0,1,0
1,0,0,1,0,0,0,0
1,0,2,0,0,0,-1,0
1,1,0,0,0,0,0,0
1,0,2,1,0,0,-1,0
0,0,0,1,0,0,0,0
0,1,0,1,0,0,0,0
0,1,0,0,0,0,-1,0
1,1,0,1,0,0,1,0
0,1,0,1,0,0,0,0
0,0,0,1,0,0,0,0
0,0,0,0,0,0,0,0
1,1,0,0,0,0,1,0
0,0,0,1,0,0,0,0
0,0,0,1,0,0,0,0
1,1,0,1,0,0,0,0
0,0,2,1,0,0,-1,0
0,1,1,1,0,0,1,0
0,1,3,0,0,0,2,0
0,1,0,0,0,0,0,0
0,0,0,1,0,0,0,0
1,1,0,1,0,0,0,0
0,0,2,1,0,0,-1,0
0,1,0,0,0,0,0,0
1,1,0,1,0,0,-1,0
0,0,0,1,0,0,0,0
0,0,0,0,0,0,0,0
1,0,2,0,0,0,-1,0
0,0,0,1,0,0,0,0
1,1,0,0,0,0,2,0
0,1,0,1,0,0,0,0
0,1,0,1,0,0,0,0
0,0,2,0,0,0,-1,0
0,1,0,0,0,0,0,0
1,0,2,0,0,0,-1,0
1,1,0,0,0,0,1,0
0,0,0,1,0,0,0,0
0,0,0,1,0,0,0,0
0,1,0,0,0,0,0,0
0,1,0,1,0,0,0,0
1,1,0,1,0,0,-1,0
0,1,0,0,0,0,0,0
1,0,2,1,0,0,0,0
0,0,0,1,0,0,-1,0
0,1,0,1,0,0,0,0
0,1,0,0,0,0,-1,0
1,0,0,0,0,0,-1,0
1,1,0,0,0,0,0,0
0,1,0,0,0,0,0,0
0,1,1,0,0,0,-1,0
0,0,0,1,0,0,0,0
1,1,0,0,0,0,1,0
1,1,0,1,0,0,0,0
0,1,0,1,0,0,2,0
0,0,1,1,0,0,0,0
0,0,0,0,0,0,0,0
0,1,0,0,0,0,0,0
0,1,0,0,0,0,0,0
0,1,0,1,0,0,0,0
1,1,0,1,0,0,-1,0
1,1,0,0,0,0,-1,0
0,1,0,0,0,0,2,0
1,0,2,1,0,0,-1,0
1,1,0,0,0,0,0,0
1,0,0,0,0,0,-1,0
0,1,0,1,0,0,0,0
0,0,0,0,0,0,0,0
0,0,0,1,0,0,-1,0
0,0,2,0,0,0,-1,0
1,0,0,1,0,0,0,0
0,0,0,0,0,0,-1,0
0,1,0,1,0,0,-1,0
0,1,0,1,0,0,0,0
0,1,0,0,0,0,0,0
0,1,0,0,0,0,0,0
0,0,0,1,0,0,-1,0
0,1,1,0,0,0,0,0
0,0,0,1,0,0,0,0
1,0,2,0,0,0,-1,0
1,1,0,0,0,0,0,0
1,1,0,1,0,0,0,0
1,0,2,1,0,0,-1,0
0,1,0,0,0,0,0,0
0,1,0,0,0,0,-1,0
1,1,0,1,0,0,1,0
1,1,0,1,0,0,0,0
0,1,0,1,0,0,0,0
1,1,0,0,0,0,2,0
1,0,2,0,0,0,-1,0
0,1,1,0,0,0,0,0
0,1,0,1,0,0,0,0
1,1,0,1,0,0,0,0
1,1,0,1,1,0,0,0
0,1,0,0,0,0,1,0
0,1,0,0,0,0,-1,0
0,1,0,1,0,0,0,0
1,1,0,0,0,0,-1,0
0,0,0,1,0,0,-1,0
0,1,1,1,0,0,1,0
0,1,0,0,0,0,2,0
1,0,2,1,0,0,-1,0
0,0,0,0,0,0,0,0
0,0,2,1,0,0,-1,0
0,0,0,0,0,0,0,0
0,1,0,1,0,0,2,0
0,1,0,0,0,0,0,0
0,0,2,0,0,0,-1,0
1,0,2,0,0,0,-1,0
1,1,1,1,0,0,1,0
0,0,0,0,0,0,0,0
0,0,1,1,0,0,0,0
0,1,0,0,0,0,0,0
0,1,0,0,0,0,0,0
0,0,0,1,0,0,0,0
0,1,3,1,0,0,2,0
0,1,1,1,0,0,1,0
0,1,0,0,0,0,0,0
0,0,0,0,0,0,0,0
0,0,0,0,0,0,0,0
0,1,0,1,0,0,0,0
0,0,2,0,0,0,-1,0
1,0,0,1,0,0,0,0
0,1,0,1,0,0,0,0
0,1,1,1,0,0,1,0
1,1,0,0,1,0,0,0
1,1,0,0,0,0,1,0
0,1,0,0,0,0,0,0
0,0,0,1,0,0,0,0
0,0,0,0,0,0,0,0
0,1,0,1,0,0,0,0
0,0,0,1,0,0,0,0
0,0,2,1,0,0,-1,0
0,1,0,1,0,0,2,0
0,0,2,1,0,0,-1,0
1,1,0,0,0,0,0,0
0,1,0,0,0,0,0,0
0,1,1,1,0,0,1,0
0,1,0,1,0,0,0,0
1,0,2,1,0,0,-1,0
1,1,0,1,0,0,1,0
0,0,2,1,0,0,-1,0
1,0,0,0,0,0,0,0
0,1,0,0,0,0,0,0
0,1,0,1,0,0,1,0
1,0,0,1,0,0,0,0
0,1,0,1,0,0,-1,0
0,1,0,1,0,0,0,0
1,1,0,0,0,0,0,0
1,0,2,0,0,0,-1,0
0,1,0,0,0,0,0,0
0,1,3,1,0,0,2,0
1,0,2,1,0,0,-1,0
0,0,0,0,0,0,0,0
0,0,2,1,0,0,-1,0
1,1,0,1,0,0,2,0
1,1,0,0,0,0,1,0
0,1,0,1,1,0,0,0
0,0,0,1,0,0,0,0
1,0,0,0,0,0,-1,0
1,1,1,0,0,0,0,0
0,1,0,0,0,0,0,0
0,0,0,0,0,0,0,0
0,1,0,1,1,0,0,0
1,0,2,1,0,0,-1,0
0,0,0,0,0,0,0,0
1,1,0,0,0,0,1,0
0,1,0,0,0,0,0,0
0,1,0,0,0,0,0,0
0,1,0,1,0,0,2,0
0,1,0,1,0,0,0,0
0,0,0,1,0,0,0,0
1,1,1,1,0,0,1,0
1,1,0,1,0,0,1,0
1,1,0,0,0,0,0,0
0,1,0,0,0,0,0,0
0,0,0,1,0,0,0,0
1,1,0,1,0,0,2,0
1,1,0,0,0,0,0,0
1,0,2,1,0,0,-1,0
1,1,0,1,0,0,0,0
1,1,1,1,0,1,0,1
0,1,0,0,0,0,0,0
1,1,0,0,0,0,0,0
0,1,0,0,0,0,0,0
0,1,1,1,0,0,1,0
1,1,0,1,0,0,0,0
0,0,0,1,0,0,0,0
0,1,0,1,0,0,0,0
0,1,0,1,0,0,2,0
0,1,0,1,0,0,0,0
0,0,0,0,0,0,0,0
0,1,0,1,0,0,1,0
1,1,0,1,0,0,0,0
1,1,0,0,0,0,2,0
0,1,0,1,0,0,0,0
1,0,2,0,0,0,-1,0
0,1,0,1,0,0,0,0
0,1,0,0,0,0,0,0
0,1,0,0,0,0,0,0
0,1,0,1,0,0,0,0
0,1,0,0,0,0,-1,0
0,0,0,0,0,0,0,0
0,1,0,0,0,0,1,0
1,1,0,0,0,0,0,0
1,1,0,1,0,0,2,0
0,0,2,1,0,0,-1,0
0,1,0,1,0,0,0,0
1,1,0,1,0,0,0,0
0,1,0,0,0,0,-1,0
1,0,0,0,0,0,0,0
0,1,0,0,0,0,0,0
0,1,0,1,0,0,0,0
0,0,0,1,0,0,0,0
0,0,0,1,0,0,0,0
0,0,0,0,0,0,-1,0
1,1,1,0,0,1,1,0
0,1,0,0,0,0,1,0
0,0,0,0,0,0,0,0
0,1,0,0,0,0,0,0
0,1,0,0,0,0,-1,0
0,1,0,1,0,0,0,0
0,1,0,1,0,0,2,0
0,1,1,0,0,0,0,0
0,0,0,0,0,0,0,0
0,1,3,0,0,0,0,0
0,1,0,0,0,0,0,0
1,1,0,1,0,0,0,0
0,1,1,1,0,0,0,0
1,1,0,0,0,0,0,0
0,0,0,1,0,0,0,0
0,0,0,1,0,0,0,0
1,0,2,0,0,0,-1,0
0,1,1,0,0,0,0,0
1,0,2,1,0,0,-1,0
0,0,2,0,0,0,-1,0
1,0,2,0,0,0,-1,0
0,1,0,0,0,0,0,0
0,1,0,1,0,0,0,0
0,0,0,0,0,0,2,0
1,0,2,1,0,0,-1,0
0,0,0,0,0,0,0,0
0,1,0,0,0,0,0,0
1,1,1,1,0,0,1,0
1,0,2,0,0,0,-1,0
1,1,0,1,0,0,-1,0
0,1,0,1,0,0,2,0
0,1,0,1,0,0,0,0
0,1,0,1,0,0,0,0
0,1,1,0,1,0,0,0
1,0,0,0,0,0,0,0
0,0,2,1,0,0,-1,0
0,0,2,0,0,0,-1,0
0,0,0,1,0,0,0,0
0,1,0,1,0,0,0,0
0,0,1,1,0,0,0,0
0,0,2,1,0,0,-1,0
1,1,0,1,0,0,0,0
0,0,0,0,0,0,0,0
1,1,0,1,0,0,0,0
1,1,0,0,0,0,2,0
1,0,0,0,0,0,0,0
0,0,0,0,0,0,0,0
1,1,0,0,0,0,-1,0
0,0,0,0,0,0,0,0
0,1,0,1,0,0,0,0
0,0,0,1,0,0,0,0
0,0,2,1,0,0,0,0
1,0,2,0,0,0,-1,0
1,0,2,1,0,0,-1,0
0,0,0,1,0,0,0,0
0,1,0,1,0,0,-1,0
1,0,0,0,0,0,-1,0
0,1,0,1,0,0,0,0
0,0,2,0,0,0,-1,0
0,0,0,1,0,0,0,0
0,0,0,0,0,0,0,0
1,1,3,0,0,0,0,0
1,1,0,1,0,0,0,0
1,0,0,1,0,0,0,0
0,0,0,0,0,0,0,0
1,0,2,0,0,0,-1,0
0,0,0,0,0,0,-1,0
0,0,2,0,0,0,-1,0
0,1,0,0,0,0,0,0
0,1,1,0,0,0,-1,0
0,1,0,1,0,0,2,0
0,0,2,1,0,0,-1,0
0,1,0,0,0,0,0,0
1,1,0,0,0,0,2,0
0,0,0,1,0,0,0,0
0,1,0,0,0,0,0,0
0,0,0,0,0,0,0,0
0,0,0,0,0,0,0,0
1,1,0,0,0,0,0,0
0,1,0,0,0,0,0,0
0,0,1,0,0,0,0,0
0,1,0,0,0,0,0,0
0,1,0,1,0,0,0,0
0,1,0,0,0,0,0,0
1,1,0,0,0,0,0,0
0,1,0,1,0,0,-1,0
0,0,0,0,0,0,0,0
1,0,0,0,0,0,0,0
0,0,2,0,0,0,-1,0
1,0,2,0,0,0,-1,0
0,1,0,1,0,0,0,0
0,1,0,1,0,0,0,0
0,1,0,0,0,0,-1,0
1,1,0,0,0,0,0,0
1,1,0,0,0,0,0,0
0,1,0,0,0,0,0,0
0,1,0,0,0,0,0,0
0,1,1,1,0,0,0,0
0,1,0,1,0,0,2,0
0,0,0,0,0,0,0,0
0,0,2,1,0,0,-1,0
1,0,0,1,0,0,-1,0
0,1,0,0,0,0,0,0
0,1,0,1,0,0,0,0
0,1,0,1,0,0,0,0
0,1,0,0,0,0,0,0
1,0,2,0,0,0,-1,0
1,1,0,1,0,0,0,0
0,1,0,1,0,0,2,0
1,0,0,0,0,0,-1,0
0,1,0,0,0,0,1,0
0,1,0,1,0,0,0,0
0,1,0,1,0,0,0,0
0,1,0,0,0,0,0,0
1,1,0,0,0,0,2,0
1,1,0,1,0,0,2,0
1,1,0,1,0,0,1,0
0,1,0,1,0,0,0,0
0,1,0,0,0,0,-1,0
0,0,0,1,0,0,0,0
0,0,2,0,0,0,-1,0
1,0,0,1,0,0,0,0
0,1,0,0,0,0,0,0
0,0,0,0,0,0,0,0
0,0,0,0,0,0,-1,0
0,0,0,0,0,0,0,0
0,0,2,0,0,0,-1,0
0,0,0,0,0,0,0,0
1,1,0,0,0,0,-1,0
0,0,0,1,0,0,0,0
1,1,0,0,0,0,0,0
1,1,0,1,0,0,2,0
0,0,0,0,0,0,0,0
1,1,0,0,0,0,1,0
0,0,0,0,0,0,2,0
0,1,0,0,0,0,0,0
0,0,2,1,0,0,-1,0
0,1,0,1,1,0,0,0
0,1,0,0,0,0,2,0
0,0,0,1,0,0,0,0
0,1,1,0,0,0,0,0
1,0,2,1,0,0,-1,0
1,1,0,0,0,0,0,0
0,1,0,0,0,0,0,0
0,1,0,1,0,0,0,0
1,1,0,1,0,0,-1,0
0,1,0,0,0,0,0,0
0,1,0,1,0,0,0,0
0,1,0,0,0,0,2,0
0,0,0,0,0,0,0,0
1,1,0,1,0,0,0,0
0,1,0,0,0,0,-1,0
0,1,0,1,0,0,0,0
1,1,0,0,0,0,1,0
1,0,2,1,0,0,-1,0
0,1,0,1,0,0,2,0
0,0,0,0,0,0,0,0
0,0,0,1,0,0,0,0
0,0,0,0,0,0,0,0
0,0,0,0,0,0,0,0
0,1,0,1,0,0,0,0
0,1,0,1,0,0,0,0
1,1,0,0,0,0,1,0
0,0,2,0,0,0,-1,0
0,0,0,0,0,0,-1,0
0,1,0,0,0,0,1,0
1,1,0,0,0,0,1,0
0,1,0,0,0,0,1,0
0,1,1,1,0,0,0,0
1,0,2,1,0,0,-1,0
0,1,0,1,0,0,0,0
0,0,2,1,0,0,-1,0
0,1,0,1,0,0,-1,0
0,1,0,0,0,0,0,0
0,1,0,0,0,0,-1,0
1,0,2,1,0,0,-1,0
0,1,1,0,0,0,2,0
0,1,0,0,0,0,1,0
0,1,0,1,0,0,0,0
1,1,0,1,0,0,0,0
0,1,0,1,0,0,0,0
1,1,0,0,0,0,0,0
1,1,0,0,0,0,2,0
0,0,0,1,0,0,0,0
0,1,0,1,0,0,-1,0
1,1,0,0,0,0,-1,0
0,0,0,1,0,0,-1,0
1,1,0,1,0,0,-1,0
1,1,0,0,0,0,0,0
0,0,2,0,0,0,-1,0
1,1,1,0,0,0,1,0
0,1,0,1,0,0,0,0
1,1,0,0,0,0,1,0
0,0,0,1,0,0,0,0
1,1,0,0,0,0,0,0
1,0,0,1,0,0,-1,0
1,1,0,0,0,0,-1,0
0,1,3,1,0,0,2,0
1,1,0,0,0,0,1,0
1,1,0,0,0,0,0,0
1,1,3,0,0,0,2,0
0,1,0,0,0,0,0,0
1,1,0,1,0,0,0,0
1,0,2,0,0,0,-1,0
0,0,2,1,0,0,-1,0
0,1,0,0,0,0,0,0
1,1,0,1,0,0,0,0
0,0,0,1,0,0,0,0
1,1,0,0,0,0,1,0
0,1,0,0,0,0,-1,0
1,0,0,1,0,0,0,0
0,0,0,1,0,0,0,0
0,1,1,0,0,0,1,0
0,1,0,0,0,0,0,0
0,1,0,0,0,0,0,0
0,1,1,1,0,0,1,0
1,1,0,0,0,0,0,0
0,0,0,0,0,0,0,0
0,1,0,0,0,0,0,0
0,1,0,1,0,0,2,0
0,0,1,1,0,0,0,0
1,0,2,0,0,0,-1,0
0,1,0,0,0,0,0,0
0,0,1,0,0,0,0,0
0,0,0,0,0,0,0,0
0,0,2,0,0,0,-1,0
0,1,0,0,0,0,0,0
1,0,0,0,0,0,0,0
1,0,2,1,0,0,-1,0
0,1,0,0,0,0,0,0
0,1,0,1,0,0,2,0
0,1,3,1,0,0,2,0
0,1,0,1,0,0,-1,0
0,1,0,1,0,0,0,0
0,1,0,0,0,0,0,0
0,0,2,1,0,0,-1,0
0,1,0,0,0,0,0,0
0,0,2,0,0,0,-1,0
0,1,0,1,0,0,0,0
0,0,0,0,0,0,0,0
0,1,0,0,0,0,0,0
0,1,1,0,0,0,0,0
0,1,0,1,0,0,0,0
0,0,0,0,0,0,0,0
0,0,2,0,0,0,-1,0
0,1,0,1,0,0,0,0
1,1,0,0,0,0,1,0
0,1,0,0,0,0,2,0
0,1,0,1,0,0,1,0
0,1,0,0,0,0,0,0
1,1,0,0,0,0,-1,0
0,1,1,0,0,0,0,0
0,1,0,0,0,0,0,0
1,1,0,1,0,0,-1,0
1,1,0,0,0,0,0,0
1,1,0,1,0,0,2,0
0,0,1,1,0,0,1,0
0,1,1,1,0,0,0,0
1,0,2,1,0,0,-1,0
0,1,0,1,0,0,0,0
0,0,2,1,0,0,-1,0
0,1,0,0,0,0,0,0
0,0,0,1,0,0,0,0
1,1,0,1,0,0,0,0
0,1,0,1,1,0,0,0
0,1,1,1,0,0,-1,0
0,1,0,1,0,0,0,0
0,1,0,0,0,0,0,0
0,1,0,1,0,0,0,0
1,1,0,1,0,0,1,0
0,0,2,1,0,0,-1,0
1,0,0,0,0,0,0,0
0,1,0,0,0,0,0,0
0,1,1,1,0,0,0,0
0,1,0,1,0,0,-1,0
0,1,0,0,0,0,0,0
0,0,1,1,0,0,0,0
0,1,0,1,0,0,-1,0
1,0,2,0,0,0,-1,0
1,0,2,1,0,0,-1,0
1,1,0,0,0,0,1,0
1,1,0,1,0,0,0,0
1,1,0,1,0,0,2,0
1,1,0,0,0,0,1,0
1,0,0,1,0,0,0,0
0,1,0,1,0,0,0,0
0,1,3,1,0,0,2,0
0,1,0,0,0,0,0,0
0,0,0,0,0,0,0,0
1,0,2,0,0,0,-1,0
0,1,0,0,0,0,-1,0
0,1,0,0,0,0,0,0
0,1,0,0,0,0,0,0
0,1,0,1,0,0,0,0
1,1,0,0,0,0,0,0
0,1,0,1,0,0,0,0
1,1,0,0,0,0,-1,0
0,0,0,1,0,0,0,0
0,1,1,1,0,0,1,0
1,1,1,1,0,0,1,0
0,1,0,0,0,0,0,0
1,1,0,1,0,0,0,0
0,0,0,0,0,0,0,0
1,0,2,0,0,0,-1,0
1,0,0,0,0,0,0,0
1,1,0,0,0,0,0,0
1,1,0,1,0,0,1,0
1,0,0,0,0,0,-1,0
0,1,0,1,0,0,0,0
0,1,0,0,0,0,0,0
1,0,0,1,0,0,0,0
0,1,3,1,0,0,2,0
1,1,0,0,0,0,0,0
1,0,2,1,0,0,-1,0
0,0,2,0,0,0,-1,0
0,0,2,0,0,0,-1,0
1,0,2,0,0,0,-1,0
0,1,0,1,0,0,0,0
0,0,0,1,0,0,0,0
0,0,0,1,0,0,0,0
0,1,0,0,0,0,0,0
0,0,2,1,0,0,-1,0
1,1,0,1,0,0,1,0
1,1,0,1,0,0,0,0
1,1,0,1,0,0,-1,0
1,1,0,1,0,0,1,0
1,1,0,1,0,0,2,0
1,1,0,1,0,0,0,0
0,0,2,0,0,0,-1,0
0,1,0,1,0,0,0,0
1,1,0,1,0,0,2,0
0,1,0,0,0,0,0,0
1,1,0,1,0,0,1,0
1,0,0,1,0,0,0,0
1,1,0,0,0,0,0,0
0,0,0,1,0,0,0,0
1,1,0,0,0,0,-1,0
0,1,1,1,0,0,0,0
0,1,0,1,0,0,0,0
1,0,2,1,0,0,-1,0
1,0,0,0,0,0,2,0
1,1,0,0,0,0,2,0
1,0,2,1,0,0,-1,0
1,1,0,0,0,0,2,0
0,1,1,0,0,0,1,0
1,1,0,0,0,0,2,0
0,1,0,1,0,0,0,0
0,0,2,1,0,0,-1,0
1,1,0,1,1,1,0,0
0,1,0,1,0,0,0,0
0,1,0,1,0,0,0,0
1,0,2,1,0,0,-1,0
0,1,0,0,0,0,1,0
1,1,0,1,0,0,1,0
1,0,0,0,0,0,-1,0
0,1,1,0,0,0,1,0
0,1,0,0,0,0,-1,0
0,0,0,0,0,0,0,0
0,1,0,1,0,0,0,0
0,0,0,0,0,0,0,0
1,1,0,1,0,0,1,0
0,1,0,0,0,0,0,0
1,0,0,0,0,0,2,0
0,0,2,0,0,0,-1,0
0,0,0,1,0,0,0,0
0,1,0,0,0,0,0,0
1,1,0,0,0,0,1,0
0,1,0,1,0,0,0,0
0,1,0,1,0,0,2,0
1,0,2,1,0,0,-1,0
0,0,1,0,0,0,0,0
0,1,0,0,0,0,-1,0
0,1,0,1,0,0,0,0
0,1,0,1,0,0,0,0
1,1,0,1,1,0,0,0
0,0,2,0,0,0,-1,0
0,1,0,1,0,0,-1,0
0,1,0,0,0,0,0,0
0,1,1,0,0,0,1,0
0,0,1,0,0,0,0,0
0,1,0,0,0,0,0,0
1,0,2,1,0,0,0,0
0,1,3,1,0,0,0,0
1,0,0,0,0,0,0,0
1,1,0,1,0,0,-1,0
0,0,0,1,0,0,0,0
0,1,1,1,0,0,-1,0
0,0,0,1,0,0,0,0
1,0,0,1,0,0,-1,0
0,1,0,1,0,0,0,0
0,1,1,0,0,0,1,0
0,1,1,0,0,0,0,0
0,0,0,1,0,0,0,0
0,1,0,1,0,0,2,0
0,1,0,1,0,0,0,0
0,1,0,1,0,0,1,0
0,1,0,1,0,0,0,0
1,1,0,0,0,0,0,0
0,1,0,0,0,0,0,0
1,0,0,0,0,0,-1,0
0,1,0,0,0,0,0,0
1,1,0,1,0,0,-1,0
0,1,0,1,0,0,0,0
1,0,2,0,0,0,-1,0
1,1,0,0,0,0,0,0
0,1,0,0,0,0,0,0
0,1,0,1,0,0,0,0
1,0,0,1,0,0,-1,0
0,1,1,1,0,0,0,0
0,1,0,1,1,0,0,0
0,1,0,1,0,0,0,0
0,1,0,1,0,0,-1,0
1,1,0,1,0,0,0,0
0,1,0,0,0,0,-1,0
0,0,0,1,0,0,0,0
1,1,0,0,0,0,0,0
0,1,0,1,0,0,0,0
1,0,0,1,0,0,2,0
1,0,0,1,0,0,-1,0
1,1,0,0,0,0,-1,0
0,1,0,1,0,0,-1,0
0,1,0,0,0,0,0,0
0,0,1,0,0,0,0,0
0,0,0,0,0,0,0,0
0,1,0,1,0,0,1,0
0,1,0,1,0,0,0,0
0,1,0,0,0,0,0,0
0,0,1,0,0,0,-1,0
1,0,0,1,0,0,0,0
0,0,0,0,0,0,0,0
1,0,0,1,0,0,-1,0
1,0,0,1,0,0,0,0
1,0,0,0,0,0,0,0
1,0,0,0,0,0,0,0
1,1,0,0,0,0,1,0
0,0,0,1,0,0,0,0
0,1,0,1,0,0,0,0
0,0,0,1,0,0,0,0
1,1,0,1,0,0,1,0
0,0,2,1,0,0,-1,0
0,1,0,1,0,0,0,0
0,1,0,0,0,0,0,0
0,1,0,0,0,0,0,0
1,0,2,0,0,0,-1,0
1,0,0,1,0,0,0,0
0,1,1,1,0,0,0,0
0,1,0,0,0,0,0,0
0,0,0,1,0,0,0,0
1,0,0,1,0,0,-1,0
0,1,0,1,1,0,0,0
0,1,0,1,0,0,0,0
1,0,2,1,0,0,-1,0
0,1,3,0,0,0,2,0
1,1,0,1,0,0,0,0
0,1,0,1,0,0,0,0
0,1,1,0,0,0,0,0
0,1,0,0,0,0,0,0
1,0,0,0,0,0,-1,0
0,0,0,0,0,0,0,0
0,1,0,0,0,0,0,0
0,1,0,1,0,0,0,0
0,1,0,0,0,0,0,0
0,0,0,1,0,0,-1,0
1,1,0,0,0,0,0,0
0,0,1,1,0,0,0,0
1,1,0,1,1,0,1,0
1,1,0,0,0,0,0,0
0,1,1,1,0,0,1,0
1,1,0,1,0,0,-1,0
1,0,0,1,0,0,-1,0
1,1,0,0,0,0,-1,0
1,1,0,1,0,0,0,0
1,0,0,0,0,0,0,0
1,1,0,1,0,0,0,0
1,0,2,0,0,0,-1,0
1,1,0,0,0,0,2,0
1,1,0,0,0,0,-1,0
0,0,0,0,0,0,0,0
0,1,0,1,0,0,1,0
1,0,0,0,0,0,-1,0
0,1,0,0,0,0,0,0
0,1,0,1,0,0,0,0
0,0,0,0,0,0,0,0
0,1,0,1,0,0,0,0
1,1,0,1,0,0,0,0
0,0,0,0,0,0,0,0
0,1,0,0,0,0,1,0
1,1,0,1,0,0,0,0
0,0,1,1,0,0,2,0
0,0,2,0,0,0,-1,0
0,1,0,0,0,0,0,0
1,1,0,1,0,0,1,0
0,0,0,1,0,0,0,0
0,1,0,0,0,0,0,0
0,1,0,1,0,0,0,0
1,1,0,1,0,0,0,0
0,0,0,1,0,0,0,0
0,0,0,1,0,0,0,0
0,1,0,0,0,0,0,0
0,1,0,1,0,0,-1,0
1,1,0,0,0,0,0,0
0,0,2,1,0,0,-1,0
1,1,0,1,0,0,0,0
0,1,0,1,0,0,0,0
0,0,2,1,0,0,-1,0
0,0,2,1,0,0,-1,0
0,0,0,1,0,0,-1,0
1,1,0,0,0,0,0,0
0,1,0,1,0,0,0,0
0,0,0,0,0,0,-1,0
1,1,0,0,0,0,0,0
0,0,0,0,0,0,0,0
0,1,0,1,0,0,2,0
0,1,0,1,0,0,0,0
0,0,0,0,0,0,0,0
0,1,0,1,0,0,-1,0
1,1,0,0,0,0,2,0
0,1,0,1,0,0,0,0
1,0,2,0,0,0,-1,0
0,1,0,1,0,0,0,0
0,0,0,1,0,0,0,0
0,0,0,1,0,0,-1,0
0,0,0,1,0,0,0,0
0,0,1,0,0,0,-1,0
1,0,0,1,0,0,0,0
0,1,0,1,0,0,-1,0
0,0,0,0,0,0,0,0
1,0,2,1,0,0,-1,0
1,0,2,0,0,0,-1,0
0,1,0,1,0,0,0,0
0,0,3,0,0,0,0,0
0,1,0,0,0,0,-1,0
1,1,0,0,0,0,2,0
0,1,0,0,0,0,0,0
0,1,1,0,0,0,0,0
1,1,0,0,0,0,1,0
1,1,0,0,0,0,1,0
1,0,0,0,0,0,-1,0
1,1,0,0,0,0,0,0
0,1,0,0,0,0,0,0
0,0,0,0,0,0,0,0
0,0,0,0,0,0,0,0
0,0,0,1,0,0,0,0
1,1,0,0,0,0,0,0
0,1,0,0,0,0,0,0
0,1,0,0,1,0,0,0
0,0,0,0,0,0,0,0
0,1,0,1,0,0,0,0
1,1,0,0,0,0,0,0
0,0,0,1,0,0,0,0
0,1,0,1,0,0,-1,0
0,0,1,1,0,0,0,0
0,1,0,0,0,0,0,0
1,1,0,1,0,0,1,0
0,1,0,0,0,0,0,0
1,0,2,1,0,0,-1,0
1,1,0,1,0,0,0,0
1,1,0,0,0,0,0,0
1,0,0,0,0,0,-1,0
0,0,2,0,0,0,-1,0
0,0,0,1,0,0,0,0
0,0,0,0,0,0,0,0
0,0,0,0,0,0,-1,0
0,0,0,1,0,0,0,0
0,0,0,1,0,0,-1,0
0,1,0,1,0,0,0,0
1,0,0,1,0,0,0,0
0,1,0,1,0,0,0,0
0,0,2,1,0,0,-1,0
0,1,0,0,1,0,0,0
0,0,0,1,0,0,0,0
0,0,2,0,0,0,-1,0
0,0,2,0,0,0,-1,0
1,0,0,0,0,0,-1,0
1,1,0,0,0,0,1,0
0,1,0,1,0,0,0,0
0,1,0,0,0,0,0,0
1,0,0,0,0,0,0,0
1,1,0,1,0,0,-1,0
0,1,0,0,0,0,-1,0
0,1,3,1,0,0,2,0
1,1,0,1,0,0,1,0
0,0,0,0,0,0,0,0
1,1,0,1,0,0,0,0
0,0,0,1,0,0,0,0
0,1,0,0,0,0,1,0
0,1,0,0,0,0,-1,0
0,1,0,1,0,0,0,0
0,1,0,1,0,0,0,0
1,1,0,0,0,0,1,0
0,1,0,1,0,0,0,0
1,1,0,1,0,0,2,0
0,0,0,1,0,0,0,0
1,1,0,1,0,0,2,0
1,1,1,0,0,0,1,0
1,1,0,0,0,0,2,0
0,0,0,0,0,0,0,0
1,1,0,1,1,0,0,0
0,1,0,0,0,0,-1,0
1,1,0,1,0,0,0,0
0,0,0,0,0,0,0,0
0,1,0,0,0,0,0,0
0,1,0,1,0,0,0,0
0,0,0,1,0,0,0,0
0,1,0,1,0,0,0,0
1,1,0,1,0,0,2,0
1,0,0,0,0,0,-1,0
0,0,2,0,0,0,-1,0
0,1,0,0,0,0,0,0
1,1,0,1,1,0,0,0
0,1,0,0,0,0,0,0
0,1,0,0,0,0,0,0
0,1,0,0,0,0,0,0
0,0,0,0,0,0,-1,0
0,0,0,1,0,0,0,0
1,1,0,1,0,0,-1,0
0,0,0,1,0,0,-1,0
0,0,0,1,0,0,-1,0
1,1,0,0,0,0,0,0
0,0,2,0,0,0,-1,0
1,1,0,0,0,0,2,0
0,0,0,1,0,0,-1,0
0,0,0,0,0,0,-1,0
1,1,0,0,0,0,0,0
1,1,0,1,0,0,2,0
1,1,0,0,0,0,-1,0
0,1,0,1,0,0,-1,0
0,1,0,0,0,0,0,0
0,1,0,1,0,0,0,0
1,1,0,0,0,0,-1,0
1,1,0,0,0,0,1,0
1,1,0,0,0,0,1,0
0,1,0,1,0,0,-1,0
0,1,0,1,0,0,0,0
0,0,2,1,0,0,-1,0
1,0,2,1,0,0,-1,0
0,1,0,1,0,0,2,0
0,0,2,0,0,0,-1,0
1,0,2,1,0,0,-1,0
0,1,0,0,0,0,0,0
0,0,0,0,0,0,0,0
1,1,0,0,0,0,0,0
0,0,3,0,0,0,0,0
1,1,0,1,0,0,2,0
1,1,0,1,0,0,-1,0
0,1,1,1,0,0,1,0
0,0,2,1,0,0,-1,0
0,1,0,0,0,0,0,0
0,0,2,1,0,0,-1,0
0,1,0,0,0,0,-1,0
0,0,0,0,0,0,-1,0
0,1,0,1,0,0,0,0
0,1,0,1,0,0,0,0
0,1,0,1,0,0,0,0
0,0,2,1,0,0,0,0
0,1,0,1,0,0,0,0
0,1,1,0,0,0,1,0
1,1,0,0,0,0,0,0
0,0,0,1,0,0,0,0
1,1,0,0,0,0,0,0
0,1,0,0,0,0,0,0
0,0,0,0,0,0,0,0
1,0,2,0,0,0,-1,0
0,1,0,0,0,0,-1,0
0,1,0,1,0,0,0,0
1,1,1,0,0,0,1,0
1,1,0,0,0,0,0,0
0,1,0,1,0,0,0,0
0,1,0,1,0,0,2,0
0,1,0,0,0,0,1,0
1,1,0,0,0,0,0,0
0,1,0,1,0,0,1,0
1,1,0,0,0,0,-1,0
1,1,0,0,0,0,0,0
0,1,3,0,0,0,2,0
1,1,0,0,0,1,1,0
0,0,0,0,0,0,0,0
0,0,0,0,0,0,0,0
1,0,2,0,0,0,-1,0
1,1,1,0,0,0,1,0
1,1,0,1,0,0,0,0
0,0,0,0,0,0,0,0
0,0,0,0,0,0,0,0
1,0,2,0,0,0,-1,0
1,0,2,0,0,0,-1,0
0,1,0,0,0,0,0,0
0,0,0,1,0,0,-1,0
0,1,0,0,0,0,0,0
0,1,0,1,0,0,0,0
1,1,0,1,0,0,1,0
0,0,1,1,0,0,0,0
0,0,0,0,0,0,0,0
1,0,2,1,0,0,-1,0
0,1,0,0,0,0,0,0
1,1,0,0,0,0,-1,0
0,1,0,0,0,0,0,0
1,1,0,1,0,0,1,0
0,1,0,0,0,0,0,0
1,1,0,0,0,0,0,0
1,1,0,0,0,0,0,0
1,0,0,1,0,0,-1,0
0,1,0,1,0,0,0,0
0,1,0,0,0,0,0,0
1,0,0,1,0,0,0,0
0,1,0,0,0,0,-1,0
0,0,0,0,0,0,0,0
0,0,0,0,0,0,0,0
0,0,2,1,0,0,-1,0
0,0,2,0,0,0,-1,0
0,1,1,1,0,0,0,0
0,1,0,0,0,0,0,0
1,0,0,1,0,0,-1,0
0,0,2,1,0,0,-1,0
1,1,0,0,0,0,-1,0
0,1,0,0,0,0,1,0
1,0,0,0,0,0,-1,0
1,1,0,0,0,0,0,0
1,1,0,0,0,0,0,0
0,1,0,1,0,0,0,0
0,1,0,1,0,0,0,0
0,0,0,0,0,0,0,0
0,1,0,1,0,0,0,0
0,1,0,0,0,0,0,0
0,1,0,0,0,0,0,0
1,1,0,1,0,0,-1,0
0,1,1,1,0,0,0,0
0,0,0,0,0,0,0,0
0,1,1,0,0,0,1,0
1,1,0,1,0,0,1,0
1,1,1,0,0,1,1,0
0,1,0,1,0,0,-1,0
0,0,0,1,0,0,-1,0
1,1,0,0,1,0,0,0
1,1,1,1,0,1,0,1
1,0,1,0,0,0,0,0
1,1,1,1,0,0,1,0
0,0,0,0,0,0,0,0
0,1,0,1,0,0,0,0
0,1,1,1,0,0,0,0
0,0,0,1,0,0,0,0
0,1,0,0,0,0,0,0
0,0,2,0,0,0,-1,0
0,1,0,0,0,0,1,0
1,1,0,0,0,0,0,0
0,1,0,1,0,0,0,0
0,1,0,1,1,0,0,0
0,0,0,1,0,0,0,0
1,1,1,0,0,0,1,0
0,0,0,1,0,0,0,0
1,1,0,0,0,0,0,0
0,0,0,1,0,0,-1,0
1,1,0,1,0,0,2,0
0,1,0,0,0,0,0,0
0,1,0,0,0,0,0,0
1,1,0,0,0,0,1,0
0,1,0,0,0,0,-1,0
1,1,0,1,0,0,0,0
0,1,0,1,0,0,0,0
1,0,0,1,0,0,0,0
1,1,0,1,0,0,1,0
1,1,0,1,0,0,1,0
0,0,0,1,0,0,0,0
0,0,0,1,0,0,0,0
0,1,0,0,0,0,0,0
1,1,0,1,0,0,0,0
0,0,0,0,0,0,-1,0
0,0,2,1,0,0,-1,0
1,0,2,0,0,0,-1,0
1,0,0,0,0,0,0,0
0,0,0,1,0,0,-1,0
0,0,0,1,0,0,0,0
0,1,0,0,0,0,0,0
0,0,2,0,0,0,-1,0
1,1,0,0,0,0,1,0
0,0,0,0,0,0,0,0
1,0,2,0,0,0,-1,0
1,1,0,1,0,0,1,0
1,1,0,1,0,0,2,0
1,0,0,1,0,0,-1,0
0,1,0,0,0,0,0,0
0,1,3,1,0,0,1,0
1,0,0,0,0,0,0,0
0,0,0,1,0,0,0,0
1,0,0,1,0,0,-1,0
0,0,2,0,0,0,-1,0
0,1,0,1,0,0,0,0
0,1,0,0,0,0,-1,0
0,1,0,0,0,0,0,0
1,0,2,0,0,0,-1,0
0,1,0,0,0,0,0,0
0,1,0,1,0,0,0,0
1,1,0,1,0,0,0,0
0,0,0,1,0,0,-1,0
1,1,0,1,0,0,0,0
1,1,0,0,0,0,1,0
1,0,2,1,0,0,-1,0
0,1,1,1,0,0,0,0
1,1,0,0,0,0,1,0
0,1,0,0,0,0,-1,0
1,0,0,1,0,0,-1,0
1,1,0,1,0,0,1,0
1,0,2,1,0,0,-1,0
0,1,0,0,0,0,0,0
1,1,0,0,0,0,0,0
0,0,0,0,0,0,0,0
0,1,0,1,0,0,2,0
0,1,0,0,0,0,-1,0
0,1,0,1,0,0,0,0
0,1,1,1,0,0,0,0
0,1,0,0,0,0,0,0
1,0,0,0,0,0,-1,0
0,1,0,0,0,0,0,0
0,1,0,0,0,0,0,0
0,0,0,1,0,0,0,0
1,1,0,1,0,0,1,0
0,1,0,1,0,0,0,0
1,1,0,0,0,0,-1,0
0,1,0,0,0,0,0,0
1,1,0,1,0,0,-1,0
1,0,0,1,0,0,-1,0
0,1,0,1,0,0,0,0
0,1,0,0,0,0,0,0
1,0,0,0,0,0,0,0
0,1,0,1,0,0,-1,0
1,0,2,0,0,0,-1,0
0,0,0,0,0,0,0,0
1,1,0,0,0,0,0,0
1,0,2,1,0,0,-1,0
1,1,0,1,0,0,2,0
0,1,0,0,0,0,0,0
0,0,2,0,0,0,-1,0
0,0,0,1,0,0,-1,0
1,1,0,0,0,0,0,0
1,1,0,1,0,0,1,0
1,1,0,1,0,0,1,0
0,0,0,1,0,0,0,0
0,0,0,1,0,0,0,0
0,1,0,0,0,0,0,0
0,1,0,0,0,0,-1,0
0,1,0,0,0,0,-1,0
1,0,0,1,0,0,0,0
0,1,0,1,0,0,0,0
0,1,0,0,0,0,0,0
0,1,1,0,0,0,-1,0
1,1,1,1,0,0,1,0
0,1,0,0,0,0,0,0
0,1,0,0,0,0,0,0
0,1,0,0,0,0,0,0
0,1,0,1,0,0,-1,0
1,0,0,1,0,0,-1,0
0,0,2,0,0,0,0,0
1,0,0,0,0,0,0,0
0,1,1,0,0,0,0,0
0,0,0,1,0,0,-1,0
1,1,0,0,0,0,0,0
0,0,0,1,0,0,-1,0
1,1,0,1,0,0,0,0
1,1,0,0,0,0,0,0
0,0,2,1,0,0,-1,0
0,1,0,1,0,0,0,0
0,0,0,0,0,0,0,0
1,0,2,1,0,0,-1,0
0,1,0,0,0,0,2,0
1,0,2,1,0,0,-1,0
0,0,3,1,0,0,0,0
1,0,2,1,0,0,-1,0
0,1,1,1,0,0,1,0
0,0,2,0,0,0,-1,0
0,1,0,0,0,0,0,0
1,1,0,0,0,0,0,0
1,1,0,1,0,0,0,0
1,0,0,0,0,0,-1,0
0,0,2,0,0,0,-1,0
0,0,0,0,0,0,0,0
0,0,2,1,0,0,-1,0
0,1,0,1,0,0,2,0
0,0,2,0,0,0,-1,0
0,1,0,1,0,0,2,0
0,0,0,1,0,0,0,0
1,1,0,1,0,0,-1,0
1,0,0,0,0,0,0,0
0,1,0,1,0,0,0,0
1,0,2,1,0,0,-1,0
1,1,0,1,0,0,0,0
0,1,0,1,0,0,2,0
1,0,0,0,0,0,2,0
1,0,2,1,0,0,-1,0
0,1,0,0,0,0,0,0
0,1,0,0,0,0,0,0
0,1,0,0,0,0,-1,0
0,0,2,1,0,0,-1,0
0,1,0,1,0,0,2,0
0,1,0,0,0,0,1,0
1,1,0,1,0,0,0,0
0,1,0,1,0,0,1,0
0,1,0,0,0,0,0,0
1,0,0,1,0,0,0,0
1,1,0,1,0,0,1,0
0,0,1,1,0,0,0,0
1,1,0,0,0,0,2,0
0,0,0,0,0,0,0,0
0,1,0,1,0,0,0,0
0,1,0,1,0,0,0,0
0,0,0,0,0,0,0,0
0,1,0,1,0,0,0,0
0,0,2,0,0,0,-1,0
0,0,3,0,0,0,2,0
0,1,0,1,0,0,0,0
1,1,0,0,0,0,0,0
1,0,2,1,0,0,-1,0
0,1,0,0,0,0,1,0
1,1,0,1,0,0,1,0
0,1,1,1,0,0,0,0
1,1,0,1,0,0,0,0
1,0,0,1,0,0,-1,0
0,0,2,0,0,0,-1,0
1,0,2,1,0,0,-1,0
1,0,2,1,0,0,-1,0
0,1,0,0,0,0,0,0
0,1,0,1,0,0,0,0
0,0,0,0,0,0,-1,0
0,0,2,0,0,0,-1,0
0,1,0,0,0,0,0,0
0,0,2,1,0,0,-1,0
1,1,0,1,0,0,1,0
0,1,0,0,0,0,0,0
1,1,0,1,0,0,0,0
1,1,0,1,0,0,1,0
0,0,2,1,0,0,-1,0
1,0,2,0,0,0,-1,0
0,0,0,0,0,0,0,0
1,0,2,0,0,0,-1,0
0,1,0,0,0,0,0,0
1,1,0,1,0,0,1,0
0,0,1,1,0,0,0,0
0,0,0,1,0,0,0,0
1,1,0,1,0,0,0,0
0,0,0,0,0,0,-1,0
0,1,3,1,0,0,2,0
0,0,0,1,0,0,0,0
0,0,2,1,0,0,-1,0
0,1,0,0,0,0,0,0
1,1,0,1,0,0,1,0
0,0,0,1,0,0,0,0
1,1,0,0,0,0,-1,0
1,1,1,0,0,0,0,0
1,1,0,0,0,0,0,0
0,0,1,1,0,0,0,0
0,1,0,1,0,0,0,0
1,1,1,0,0,0,0,0
0,1,0,0,0,0,0,0
0,1,0,1,0,0,2,0
0,0,0,0,0,0,0,0
0,1,3,0,0,0,0,0
0,1,0,1,0,0,-1,0
1,0,0,0,0,0,0,0
0,1,0,0,0,0,0,0
0,0,2,1,0,0,-1,0
0,1,0,0,0,0,0,0
0,1,0,1,0,0,1,0
0,0,0,1,0,0,0,0
1,1,0,0,0,0,2,0
1,1,0,0,0,0,0,0
0,0,0,0,0,0,0,0
1,1,0,0,0,0,1,0
0,1,0,1,0,0,0,0
0,0,0,0,0,0,0,0
1,0,2,0,0,0,-1,0
0,1,0,1,0,0,0,0
0,0,0,0,0,0,0,0
1,1,0,0,0,0,0,0
0,1,0,0,0,0,0,0
0,1,0,1,0,0,0,0
1,1,0,1,0,0,-1,0
0,1,0,1,0,0,0,0
0,1,1,0,0,0,0,0
0,1,1,1,0,0,0,0
0,1,1,1,0,0,0,0
0,1,0,0,0,0,0,0
0,0,0,0,0,0,-1,0
1,1,0,1,0,0,-1,0
0,1,0,0,0,0,0,0
0,1,0,0,0,0,0,0
1,0,2,0,0,0,-1,0
0,0,0,1,0,0,0,0
1,0,0,1,0,0,0,0
0,0,0,1,0,0,0,0
1,1,0,1,0,0,2,0
0,0,0,0,0,0,0,0
0,1,0,0,0,0,0,0
0,1,0,1,0,0,0,0
1,1,0,1,0,0,0,0
1,1,0,0,0,0,0,0
0,0,0,0,0,0,0,0
0,1,0,0,0,0,0,0
0,0,0,1,0,0,0,0
1,1,0,0,0,0,1,0
1,0,0,0,0,0,0,0
0,1,0,0,0,0,0,0
1,0,0,0,0,0,-1,0
0,1,0,0,0,0,2,0
0,0,0,0,0,0,0,0
0,1,0,1,0,0,-1,0
0,1,0,0,0,0,-1,0
1,0,0,1,0,0,-1,0
0,1,1,1,0,0,1,0
0,0,0,1,0,0,0,0
0,1,0,1,0,0,0,0
1,0,0,1,0,0,-1,0
1,1,0,0,0,0,0,0
0,0,0,0,0,0,0,0
0,1,0,0,0,0,0,0
0,0,0,1,0,0,-1,0
0,1,1,0,0,0,0,0
0,0,2,1,0,0,-1,0
1,1,0,0,0,0,1,0
1,1,0,1,0,0,0,0
0,0,2,1,0,0,-1,0
0,1,3,0,0,0,2,0
0,0,0,1,0,0,0,0
1,1,0,1,0,0,2,0
0,1,0,0,0,0,0,0
0,1,0,1,0,0,2,0
0,0,2,1,0,0,-1,0
0,1,0,0,0,0,0,0
0,1,0,1,0,0,0,0
0,1,0,0,0,0,0,0
0,0,2,0,0,0,-1,0
0,1,0,1,0,0,0,0
0,1,0,1,0,0,2,0
1,1,0,1,0,0,1,0
0,1,0,1,0,0,0,0
0,0,2,0,0,0,-1,0
0,1,0,1,0,0,1,0
0,1,0,1,0,0,0,0
0,1,1,1,0,0,0,0
0,0,0,1,0,0,0,0
0,1,0,0,0,0,1,0
0,1,0,1,0,0,0,0
1,1,0,1,0,0,2,0
0,1,0,1,0,0,0,0
0,1,0,0,0,0,0,0
0,1,0,0,0,0,0,0
1,1,0,0,0,0,0,0
0,1,0,1,0,0,0,0
1,0,0,1,0,0,0,0
0,1,0,0,0,0,0,0
0,0,0,1,0,0,-1,0
1,0,0,1,0,0,-1,0
0,1,0,1,0,0,1,0
1,1,0,1,0,0,0,0
0,1,0,1,0,0,0,0
0,1,0,0,0,0,0,0
1,1,0,0,0,0,-1,0
0,1,0,0,0,0,0,0
0,1,0,1,0,0,0,0
0,1,0,1,0,0,0,0
1,1,0,0,0,0,0,0
0,0,0,0,0,0,0,0
0,1,0,1,0,0,0,0
0,0,0,1,0,0,0,0
0,0,2,0,0,0,-1,0
0,0,0,1,0,0,0,0
0,1,0,0,0,0,2,0
0,0,0,1,0,0,-1,0
0,1,1,1,0,0,-1,0
1,1,0,1,0,0,0,0
1,1,0,1,0,0,0,0
0,1,0,0,0,0,0,0
1,0,2,1,0,0,-1,0
1,1,0,1,0,0,1,0
1,0,2,1,0,0,-1,0
0,0,0,0,0,0,0,0
1,1,0,1,0,0,1,0
0,1,0,1,0,0,0,0
1,1,0,0,0,0,2,0
0,1,0,0,0,0,0,0
1,1,0,1,0,0,1,0
0,0,2,0,0,0,-1,0
0,1,0,1,0,0,0,0
0,1,0,0,0,0,0,0
0,0,0,1,0,0,0,0
0,1,0,1,0,0,0,0
1,0,0,1,0,0,0,0
0,1,0,1,0,0,-1,0
1,1,0,0,0,0,0,0
1,1,0,0,0,0,0,0
0,0,3,0,0,0,0,0
0,0,0,0,0,0,0,0
1,1,0,0,0,0,1,0
1,1,1,0,0,0,0,0
1,1,0,0,0,0,0,0
1,1,0,1,0,0,2,0
0,1,1,0,0,0,1,0
1,1,0,0,0,0,0,0
0,1,0,1,0,0,2,0
1,1,0,1,0,0,0,0
0,1,0,0,0,0,1,0
0,1,0,1,0,0,2,0
0,0,0,0,0,0,0,0
0,1,1,0,0,0,-1,0
0,1,1,0,0,0,0,0
0,1,0,1,0,0,-1,0
1,0,0,1,0,0,2,0
0,0,2,1,0,0,-1,0
0,0,0,0,0,0,0,0
0,1,0,1,0,0,0,0
0,0,0,0,0,0,0,0
0,1,0,1,0,0,0,0
0,1,1,1,0,0,1,0
1,1,0,0,0,0,2,0
1,1,0,1,0,0,1,0
0,0,2,1,0,0,-1,0
0,1,0,0,0,0,0,0
1,1,0,1,0,0,2,0
0,0,0,1,0,0,-1,0
0,1,0,1,0,0,0,0
0,1,0,0,0,0,-1,0
0,0,2,1,0,0,-1,0
0,1,0,0,0,0,0,0
0,1,1,1,0,0,0,0
1,1,0,0,0,0,0,0
0,1,0,1,0,0,0,0
0,1,0,0,0,0,-1,0
1,1,0,1,0,0,1,0
0,1,1,0,0,0,1,0
0,1,0,1,0,0,-1,0
0,1,0,1,0,0,0,0
1,1,1,0,0,0,1,0
0,1,0,1,0,0,0,0
0,0,2,0,0,0,-1,0
0,1,0,0,0,0,0,0
0,1,0,0,0,0,0,0
0,1,1,1,0,0,1,0
0,1,0,0,0,0,0,0
0,1,0,1,0,0,0,0
1,1,0,0,0,0,2,0
1,1,0,0,0,0,1,0
1,0,0,1,0,0,0,0
0,0,0,0,0,0,0,0
0,0,0,0,0,0,0,0
1,1,0,0,0,0,0,0
0,1,0,0,0,0,0,0
0,1,0,1,0,0,1,0
0,1,0,0,0,0,-1,0
0,0,2,0,0,0,-1,0
0,1,0,0,0,0,1,0
0,1,0,0,0,0,0,0
0,0,0,1,0,0,0,0
0,1,0,0,0,0,0,0
0,1,0,1,1,0,0,0
1,0,2,0,0,0,-1,0
0,1,3,0,0,0,-1,0
0,1,0,0,0,0,0,0
0,1,0,0,0,0,0,0
0,1,0,1,0,0,0,0
0,0,0,0,0,0,-1,0
1,0,0,1,0,0,0,0
1,1,0,0,0,0,0,0
0,1,0,1,0,0,0,0
0,0,2,1,0,0,-1,0
1,1,1,1,0,0,1,0
0,1,0,0,0,0,-1,0
0,1,0,0,0,0,0,0
0,1,0,1,0,0,0,0
0,0,0,1,0,0,0,0
1,1,3,0,0,0,2,0
1,1,0,0,0,0,0,0
1,0,2,1,0,0,-1,0
0,0,2,1,0,0,-1,0
1,0,0,1,0,0,-1,0
1,1,0,0,0,0,0,0
0,1,0,1,0,0,0,0
1,1,0,1,0,0,0,0
0,1,1,1,0,0,1,0
0,1,0,1,0,0,1,0
0,1,1,0,0,0,0,0
1,0,0,0,0,0,0,0
0,0,0,0,0,0,-1,0
1,0,2,1,0,0,-1,0
0,1,0,1,0,0,0,0
1,1,0,1,0,0,0,0
1,1,0,1,0,0,-1,0
1,0,2,0,0,0,-1,0
1,0,2,0,0,0,-1,0
1,1,0,0,0,0,0,0
1,0,0,1,0,0,0,0
0,0,0,0,0,0,0,0
0,1,0,1,0,0,1,0
0,0,0,0,0,0,0,0
0,1,0,0,0,0,0,0
0,1,0,1,0,0,0,0
0,0,0,0,0,0,0,0
0,0,2,1,0,0,-1,0
0,0,0,0,0,0,-1,0
0,1,0,1,0,0,0,0
0,1,0,0,0,0,1,0
1,1,0,0,0,0,2,0
0,1,0,1,0,0,1,0
1,0,0,1,0,0,0,0
1,1,0,0,0,0,1,0
0,0,2,1,0,0,-1,0
0,0,2,0,0,0,-1,0
1,0,0,1,0,0,0,0
1,1,0,1,0,0,1,0
1,0,2,1,0,0,-1,0
1,0,1,0,0,0,-1,0
0,1,0,0,0,0,-1,0
0,0,0,0,0,0,0,0
0,1,0,0,0,0,0,0
1,1,0,1,0,0,0,0
1,1,0,0,0,0,0,0
1,0,0,0,0,0,0,0
0,1,0,1,0,0,0,0
0,1,0,1,0,0,0,0
0,1,0,0,0,0,0,0
0,0,0,0,0,0,0,0
0,1,0,0,0,0,0,0
0,1,0,1,0,0,0,0
1,1,0,0,0,0,0,0
1,1,0,1,0,0,1,0
0,0,1,0,0,0,0,0
0,1,0,0,0,0,0,0
0,0,0,1,0,0,-1,0
1,1,0,1,0,0,0,0
0,0,1,1,0,0,0,0
0,1,0,0,0,0,0,0
0,1,0,0,0,0,0,0
1,0,2,1,0,0,-1,0
0,1,0,0,0,0,0,0
0,0,0,1,0,0,0,0
1,0,2,1,0,0,-1,0
0,1,1,1,0,0,0,0
1,1,0,0,0,0,1,0
1,0,2,0,0,0,-1,0
0,1,0,0,0,0,0,0
0,1,0,0,0,0,-1,0
1,1,0,0,0,0,-1,0
1,1,0,0,0,0,1,0
0,1,0,0,0,0,0,0
1,1,0,0,0,0,0,0
1,1,1,0,0,0,0,0
0,1,0,1,0,0,0,0
0,0,2,0,0,0,0,0
0,1,0,1,0,0,0,0
0,1,0,0,0,0,0,0
1,0,0,1,0,0,-1,0
0,0,0,0,0,0,0,0
1,0,0,1,0,0,0,0
1,1,0,0,0,0,2,0
1,0,2,1,0,0,-1,0
0,0,0,0,0,0,0,0
0,0,0,1,0,0,0,0
0,0,0,1,0,0,-1,0
0,1,0,0,0,0,0,0
1,1,0,1,0,0,2,0
1,1,0,1,0,0,0,0
0,0,0,1,0,0,-1,0
0,0,0,1,0,0,0,0
0,0,2,0,0,0,-1,0
0,1,0,1,0,0,0,0
0,1,0,1,0,0,2,0
0,0,0,1,0,0,0,0
1,1,0,0,0,0,0,0
0,1,0,1,0,0,0,0
1,1,0,0,0,0,2,0
0,0,0,0,0,0,0,0
0,0,0,1,0,0,0,0
0,1,0,0,0,0,0,0
0,0,0,0,0,0,0,0
0,0,0,0,0,0,0,0
1,0,0,0,0,0,-1,0
1,1,0,1,0,0,2,0
1,1,0,0,0,0,0,0
1,0,2,1,0,0,-1,0
1,0,0,0,0,0,0,0
0,0,0,1,0,0,0,0
0,0,0,0,0,0,0,0
1,0,0,0,0,0,0,0
1,1,0,0,0,0,-1,0
1,1,0,1,0,0,0,0
0,1,0,0,0,0,0,0
1,0,0,0,0,0,0,0
1,1,0,1,0,0,0,0
1,1,0,0,1,0,1,0
0,1,0,1,0,0,0,0
0,1,0,1,0,0,2,0
1,0,2,0,0,0,-1,0
1,1,0,0,0,1,1,0
1,0,0,0,0,0,0,0
0,1,0,0,0,0,0,0
0,0,0,1,0,0,0,0
0,0,0,0,0,0,0,0
1,1,0,0,0,0,0,0
1,1,0,1,0,0,1,0
0,1,0,0,0,0,0,0
0,1,0,1,0,0,-1,0
0,0,0,0,0,0,0,0
0,0,2,1,0,0,-1,0
0,0,0,0,0,0,0,0
1,0,0,0,0,0,0,0
1,1,0,0,0,0,2,0
0,1,0,1,0,0,-1,0
0,1,0,0,0,0,0,0
1,1,0,1,0,0,2,0
1,1,0,1,0,0,0,0
0,0,2,1,0,0,-1,0
0,1,1,0,0,0,0,0
0,0,0,0,0,0,0,0
0,1,0,1,0,0,0,0
0,0,0,0,0,0,0,0
0,0,2,0,0,0,-1,0
0,1,0,0,0,0,0,0
0,0,0,0,0,0,-1,0
1,0,0,0,0,0,0,0
1,1,0,1,0,0,1,0
0,1,0,1,0,0,-1,0
0,1,3,1,0,0,2,0
1,1,0,0,0,0,0,0
0,0,2,0,0,0,-1,0
0,1,0,0,0,0,0,0
1,1,0,0,0,0,1,0
1,1,0,0,0,0,-1,0
1,1,0,0,0,0,-1,0
0,1,0,0,0,0,0,0
0,1,0,1,0,0,0,0
0,1,0,0,0,0,0,0
0,0,2,0,0,0,-1,0
0,1,0,0,0,0,0,0
0,1,0,1,0,0,2,0
0,1,1,1,0,0,0,0
1,1,0,0,0,0,1,0
1,1,0,1,0,0,0,0
1,1,0,1,0,0,1,0
0,0,2,1,0,0,-1,0
0,1,0,1,0,0,-1,0
0,1,0,1,0,0,2,0
0,1,0,0,0,0,0,0
1,1,0,0,0,0,1,0
0,0,0,1,0,0,0,0
1,0,0,0,0,0,-1,0
0,0,0,1,0,0,-1,0
0,0,2,1,0,0,-1,0
0,1,0,1,0,0,0,0
0,1,0,0,0,0,0,0
0,0,0,1,0,0,0,0
1,1,0,1,0,0,0,0
0,0,0,0,0,0,0,0
1,0,2,0,0,0,-1,0
1,0,0,1,0,0,0,0
0,0,0,1,0,0,-1,0
0,1,0,0,0,0,0,0
1,0,2,0,0,0,-1,0
1,0,0,0,0,0,0,0
0,0,2,0,0,0,-1,0
1,1,0,1,0,0,0,0
1,1,0,1,0,0,-1,0
0,1,0,0,0,0,0,0
0,1,0,1,0,0,0,0
0,0,0,1,0,0,0,0
1,1,0,0,0,0,1,0
0,0,0,1,0,0,0,0
1,0,2,0,0,0,-1,0
0,0,0,1,0,0,0,0
0,1,0,1,0,0,1,0
0,1,0,0,1,0,0,0
1,1,0,0,0,0,0,0
0,1,0,0,0,0,0,0
1,0,0,1,0,0,0,0
1,1,0,1,0,0,1,0
0,0,0,1,0,0,0,0
0,0,2,0,0,0,-1,0
0,1,0,0,1,0,1,0
0,1,0,0,0,0,0,0
0,0,0,1,0,0,0,0
0,1,0,1,0,0,0,0
0,1,0,1,0,0,0,0
0,1,0,1,1,0,0,0
1,1,0,1,0,0,-1,0
1,0,0,1,0,0,0,0
1,1,0,0,0,0,1,0
0,1,0,1,0,0,0,0
0,1,0,0,0,0,1,0
1,0,2,0,0,0,-1,0
0,0,0,1,0,0,0,0
0,0,0,1,0,0,0,0
0,0,2,0,0,0,-1,0
0,0,2,1,0,0,-1,0
1,1,0,1,0,0,0,0
0,1,0,0,0,0,0,0
1,0,2,0,0,0,-1,0
0,1,1,1,0,0,0,0
0,0,0,1,0,0,0,0
0,1,0,1,0,0,0,0
1,0,2,0,0,0,-1,0
0,1,0,1,0,0,-1,0
1,0,0,0,0,0,2,0
0,1,0,0,0,0,0,0
1,1,0,0,0,0,1,0
0,1,0,0,0,0,0,0
0,0,0,1,0,0,0,0
1,1,0,1,0,0,0,0
0,0,2,0,0,0,-1,0
1,1,0,0,0,0,0,0
0,1,0,1,0,0,0,0
0,1,0,1,0,0,0,0
0,0,0,1,0,0,-1,0
0,1,0,0,0,0,-1,0
0,1,0,1,0,0,1,0
1,0,2,0,0,0,-1,0
0,0,2,0,0,0,-1,0
0,1,1,1,0,0,0,0
1,0,1,1,0,0,0,0
0,1,0,0,0,0,0,0
1,1,0,1,0,0,0,0
1,1,0,0,0,0,0,0
1,1,0,0,0,0,0,0
0,1,0,0,0,0,0,0
1,1,0,0,0,0,0,0
1,1,1,0,0,0,-1,0
1,1,0,1,0,0,1,0
0,1,0,0,0,0,1,0
1,1,0,0,0,0,1,0
1,0,2,0,0,0,-1,0
1,0,2,1,0,0,-1,0
0,1,0,1,0,0,0,0
0,0,0,1,0,0,0,0
0,0,0,0,0,0,0,0
1,1,0,0,0,0,0,0
0,1,0,1,0,0,0,0
1,1,0,1,0,0,0,0
0,0,0,0,0,0,0,0
0,0,0,1,0,0,-1,0
0,1,0,1,0,0,0,0
0,0,0,1,0,0,0,0
1,0,0,0,0,0,0,0
0,1,0,0,0,0,-1,0
0,0,0,0,0,0,0,0
0,0,0,1,0,0,0,0
1,1,0,1,0,0,0,0
0,0,0,1,0,0,0,0
0,1,0,1,0,0,0,0
0,0,0,0,0,0,0,0
0,1,0,1,0,0,1,0
1,1,0,0,0,0,-1,0
0,1,0,0,0,0,0,0
0,0,1,0,0,0,0,0
1,0,1,1,0,0,0,0
1,1,1,0,0,1,1,0
0,1,0,1,0,0,0,0
1,0,2,1,0,0,-1,0
0,1,0,0,0,0,0,0
0,1,0,0,0,0,0,0
0,1,1,0,0,0,0,0
0,1,0,0,1,1,0,0
0,1,0,0,0,0,0,0
1,1,0,0,0,0,1,0
1,1,0,1,0,0,1,0
1,0,2,1,0,0,-1,0
0,1,0,0,0,0,0,0
1,0,2,0,0,0,-1,0
0,1,0,0,0,0,0,0
0,1,0,0,0,0,0,0
1,0,1,0,0,0,1,0
0,0,2,0,0,0,-1,0
0,1,0,0,0,0,0,0
0,1,0,0,0,0,0,0
0,1,0,0,0,0,0,0
0,1,0,0,0,0,0,0
0,1,0,0,0,0,0,0
0,0,0,0,0,0,-1,0
1,1,0,0,0,0,0,0
1,1,0,1,0,0,1,0
1,1,0,1,0,0,2,0
0,1,0,0,0,0,0,0
0,0,0,1,0,0,0,0
1,1,0,0,0,0,2,0
0,0,2,1,0,0,-1,0
0,1,0,1,0,0,0,0
0,1,1,0,0,0,0,0
0,1,0,1,0,0,-1,0
0,1,0,0,0,0,0,0
0,1,0,1,0,0,0,0
0,1,0,0,0,0,0,0
0,1,0,1,0,0,0,0
1,0,2,1,0,0,-1,0
0,1,0,1,0,0,0,0
1,0,2,0,0,0,-1,0
0,1,0,0,0,0,0,0
1,0,2,0,0,0,-1,0
1,1,1,0,0,0,1,0
0,1,0,1,0,0,0,0
0,1,0,1,0,0,0,0
0,0,0,1,0,0,0,0
0,1,0,0,0,0,0,0
1,0,2,1,0,0,-1,0
1,1,0,1,0,0,1,0
1,1,0,1,0,0,-1,0
0,1,0,1,0,0,0,0
1,1,0,1,0,0,0,0
1,1,0,0,0,0,-1,0
1,1,0,1,0,0,0,0
0,0,0,1,0,0,0,0
0,1,0,0,0,0,2,0
1,1,0,0,0,0,1,0
0,1,0,1,0,0,0,0
1,1,0,0,0,0,0,0
1,1,0,1,0,0,1,0
1,1,0,0,0,0,0,0
0,0,0,1,0,0,0,0
1,1,0,0,0,0,1,0
0,0,0,0,0,0,0,0
0,1,0,0,0,0,0,0
0,1,0,0,0,0,0,0
0,0,1,0,0,0,1,0
0,0,2,1,0,0,-1,0
0,0,2,1,0,0,-1,0
1,0,0,0,0,0,0,0
1,1,0,0,0,0,0,0
0,0,0,1,0,0,0,0
0,1,0,1,0,0,-1,0
0,0,2,0,0,0,-1,0
1,0,2,0,0,0,-1,0
0,0,0,1,0,0,0,0
0,0,2,0,0,0,-1,0
0,1,0,1,0,0,2,0
1,1,0,1,0,0,0,0
1,1,0,1,0,0,0,0
1,1,3,1,0,0,1,0
1,0,0,1,0,0,2,0
0,1,0,0,0,0,0,0
0,0,0,0,0,0,0,0
0,0,0,1,0,0,0,0
0,1,0,1,0,0,0,0
0,1,0,1,0,0,0,0
1,1,0,1,0,0,1,0
0,1,0,0,0,0,0,0
1,1,0,1,0,0,-1,0
1,0,2,1,0,0,-1,0
0,1,0,0,0,0,0,0
0,0,0,0,0,0,0,0
0,1,0,0,0,0,0,0
0,1,0,1,0,0,2,0
0,0,0,0,0,0,-1,0
0,0,1,0,0,0,0,0
0,0,0,0,0,0,0,0
1,1,0,0,0,0,0,0
0,1,1,1,0,0,0,0
0,1,0,1,1,0,0,0
0,1,1,1,0,0,0,0
1,1,0,0,0,0,0,0
0,0,0,1,0,0,0,0
0,1,0,1,0,0,2,0
0,1,1,0,0,0,0,0
1,1,0,0,0,0,0,0
0,1,0,1,0,0,-1,0
1,1,0,1,0,0,2,0
0,0,2,1,0,0,-1,0
0,1,0,0,0,0,0,0
1,0,2,0,0,0,-1,0
0,1,0,1,0,0,-1,0
0,0,0,0,0,0,0,0
1,1,1,1,0,1,1,0
1,0,0,0,0,0,0,0
0,1,0,0,0,0,0,0
1,1,0,1,0,0,0,0
0,0,0,0,0,0,0,0
1,1,0,1,0,0,0,0
1,0,0,1,0,0,-1,0
0,1,0,0,0,0,0,0
0,1,0,0,1,0,0,0
1,1,0,1,0,0,1,0
0,1,0,1,0,0,2,0
1,1,0,0,0,0,1,0
1,0,0,0,0,0,0,0
1,1,0,0,0,0,0,0
1,1,0,0,0,0,1,0
1,1,0,0,0,0,-1,0
0,0,0,1,0,0,0,0
1,1,0,1,0,0,2,0
0,1,0,1,0,0,2,0
1,0,0,0,0,0,0,0
0,1,0,1,0,0,0,0
0,0,1,1,0,0,0,0
0,1,0,1,0,0,0,0
0,1,1,1,0,0,1,0
1,1,0,0,0,0,1,0
0,1,0,1,0,0,0,0
0,0,0,0,0,0,0,0
1,1,0,0,0,0,0,0
0,1,0,1,0,0,0,0
0,1,0,0,0,0,0,0
0,1,0,1,0,0,0,0
1,1,0,0,0,0,0,0
0,1,3,1,0,0,-1,0
1,0,0,1,0,0,-1,0
1,1,0,1,0,0,1,0
0,0,0,1,0,0,0,0
0,1,0,0,0,0,0,0
0,1,0,0,0,0,0,0
1,1,0,1,0,0,1,0
0,0,1,0,0,0,1,0
1,1,1,1,1,0,0,0
0,0,0,0,0,0,0,0
1,0,0,1,0,0,-1,0
0,1,0,0,0,0,0,0
1,1,0,0,0,0,-1,0
1,1,0,1,0,0,1,0
0,1,1,0,0,0,1,0
0,1,0,1,0,0,0,0
0,1,0,0,0,0,0,0
1,1,0,1,0,0,0,0
0,1,0,1,0,0,0,0
1,1,0,1,0,0,0,0
0,1,0,0,0,0,0,0
1,1,0,0,0,0,0,0
1,1,0,1,0,0,1,0
1,0,0,1,0,0,0,0
1,0,2,1,0,0,-1,0
1,1,0,0,0,0,2,0
1,1,0,0,0,0,2,0
1,0,0,0,0,0,-1,0
0,1,0,1,0,0,0,0
1,1,0,1,0,0,0,0
1,1,0,1,0,0,-1,0
0,1,1,0,0,1,0,0
1,0,0,0,0,0,0,0
0,0,1,1,0,0,0,0
1,1,0,0,0,0,1,0
0,0,0,0,0,0,0,0
1,1,0,0,0,0,0,0
1,1,0,0,0,0,2,0
0,1,1,0,0,0,0,0
0,1,0,0,0,0,0,0
0,1,0,1,0,0,0,0
1,1,0,0,0,0,1,0
1,0,0,0,0,0,0,0
1,1,0,0,0,0,1,0
1,1,1,1,0,1,1,0
1,1,0,1,0,0,-1,0
0,0,0,1,0,0,-1,0
0,0,2,0,0,0,-1,0
0,0,0,1,0,0,-1,0
0,0,0,0,0,0,0,0
1,1,1,1,0,0,1,0
0,0,2,0,0,0,-1,0
0,1,0,0,0,0,0,0
0,1,1,0,0,0,0,0
0,1,0,0,0,0,0,0
0,0,0,1,0,0,0,0
1,1,1,0,0,0,0,0
1,1,0,0,0,0,1,0
0,0,1,0,0,0,0,0
0,0,0,1,0,0,-1,0
1,1,0,0,0,0,1,0
0,0,0,0,0,0,-1,0
1,1,0,1,0,0,1,0
1,0,2,0,0,0,-1,0
1,1,0,0,0,0,0,0
0,0,0,0,0,0,0,0
0,1,0,0,0,0,0,0
0,0,0,0,0,0,0,0
0,0,0,1,0,0,0,0
0,1,1,0,0,0,0,0
1,0,0,1,0,0,0,0
0,0,0,1,0,0,0,0
0,0,2,0,0,0,-1,0
0,0,0,0,0,0,0,0
1,0,0,1,0,0,0,0
0,0,0,1,0,0,0,0
0,1,0,1,0,0,0,0
1,1,0,1,0,0,0,0
0,0,1,0,0,0,0,0
1,1,0,1,0,0,0,0
0,1,0,0,0,0,0,0
0,1,1,1,0,0,-1,0
0,1,0,1,0,0,0,0
0,1,0,1,0,0,0,0
0,0,0,1,0,0,0,0
0,1,0,0,0,0,0,0
0,1,3,1,0,0,0,0
0,0,0,1,0,0,-1,0
1,0,2,0,0,0,-1,0
0,0,0,0,0,0,0,0
0,1,0,0,0,0,0,0
1,1,0,0,0,0,1,0
0,1,0,0,0,0,0,0
0,0,2,1,0,0,-1,0
0,1,0,0,0,0,0,0
0,1,0,0,0,0,0,0
0,0,2,0,0,0,-1,0
0,0,0,1,0,0,0,0
0,1,0,0,0,0,0,0
1,0,2,1,0,0,-1,0
1,1,0,1,0,0,0,0
0,1,0,0,0,0,0,0
0,0,0,1,0,0,0,0
0,1,0,1,0,0,0,0
0,1,0,0,0,0,0,0
1,0,2,0,0,0,-1,0
0,1,0,0,0,0,0,0
1,1,0,1,0,0,0,0
0,0,0,0,0,0,-1,0
1,1,0,1,0,0,1,0
1,1,0,0,0,0,0,0
1,0,0,0,0,0,-1,0
1,0,1,1,0,0,-1,0
1,1,0,0,0,0,2,0
1,0,0,1,0,0,0,0
0,1,0,1,0,0,0,0
0,1,0,0,0,0,0,0
1,1,0,1,0,0,-1,0
1,1,0,1,0,0,0,0
1,1,0,0,0,0,0,0
1,1,0,1,0,0,1,0
0,1,1,1,0,0,0,0
0,0,2,1,0,0,-1,0
1,1,0,1,0,0,2,0
0,1,0,1,0,0,0,0
0,0,0,0,0,0,0,0
1,1,0,1,0,0,-1,0
1,0,2,0,0,0,-1,0
1,1,0,0,0,0,1,0
0,0,1,0,0,0,0,0
1,0,2,1,0,0,-1,0
0,0,2,0,0,0,-1,0
0,0,0,0,0,0,0,0
0,1,0,0,0,0,0,0
0,1,3,1,0,0,1,0
0,1,0,0,0,0,0,0
1,1,0,1,1,1,0,1
0,0,3,1,0,0,2,0
0,1,0,1,0,0,0,0
1,0,2,0,0,0,-1,0
0,0,0,1,0,0,0,0
0,1,0,1,0,0,0,0
0,1,0,1,0,0,0,0
0,1,0,0,0,0,0,0
0,0,0,1,0,0,0,0
0,0,0,0,0,0,0,0
0,1,0,1,0,0,0,0
1,1,0,0,0,0,0,0
1,0,2,0,0,0,-1,0
1,0,0,0,0,0,0,0
0,0,2,1,0,0,0,0
1,1,0,1,0,0,0,0
0,0,0,0,0,0,-1,0
1,0,0,1,0,0,0,0
0,1,0,1,0,0,0,0
0,0,0,0,0,0,0,0
0,1,1,1,0,0,1,0
0,1,0,0,0,0,0,0
0,0,0,1,0,0,0,0
0,1,0,1,0,0,0,0
0,1,0,0,0,0,0,0
1,0,2,0,0,0,-1,0
0,0,2,1,0,0,-1,0
0,1,0,0,0,0,0,0
0,1,0,1,0,0,0,0
0,0,0,0,0,0,0,0
1,1,0,1,1,0,1,0
0,0,0,0,0,0,0,0
0,1,1,0,0,0,0,0
1,1,0,0,0,0,2,0
1,0,1,0,0,0,1,0
0,0,0,0,0,0,0,0
1,1,0,0,0,0,0,0
1,1,0,0,0,0,0,0
0,1,1,0,0,0,1,0
0,1,0,0,0,0,0,0
1,1,0,0,0,0,1,0
1,0,2,1,0,0,-1,0
0,1,0,0,0,0,0,0
0,1,0,0,0,0,0,0
1,1,1,0,1,1,0,1
1,0,0,1,0,0,0,0
0,1,0,1,0,0,0,0
1,0,2,0,0,0,-1,0
1,1,0,0,0,0,0,0
1,1,0,1,0,0,0,0
1,1,0,0,0,0,1,0
0,1,0,0,0,0,2,0
1,0,0,1,0,0,2,0
0,1,0,1,0,0,0,0
1,1,0,1,0,0,2,0
1,1,0,0,0,0,0,0
0,1,0,0,0,0,0,0
0,1,0,1,0,0,0,0
1,0,0,0,0,0,-1,0
0,1,0,0,0,0,0,0
0,1,0,0,0,0,0,0
0,1,0,1,0,0,-1,0
0,1,0,0,0,0,-1,0
1,0,2,0,0,0,-1,0
0,1,0,1,0,0,-1,0
0,0,0,1,0,0,-1,0
0,0,0,0,0,0,0,0
0,0,2,1,0,0,-1,0
1,0,0,0,0,0,0,0
0,0,0,0,0,0,0,0
1,1,0,1,0,0,-1,0
0,0,0,0,0,0,0,0
0,0,1,0,0,0,0,0
0,0,2,0,0,0,-1,0
0,1,0,0,0,0,0,0
0,0,0,1,0,0,0,0
0,1,1,0,0,0,0,0
1,0,0,1,0,0,0,0
1,1,0,0,1,1,0,1
1,0,0,1,0,0,2,0
0,1,0,0,0,0,0,0
0,1,0,0,0,0,0,0
0,1,0,1,0,0,0,0
0,1,1,0,0,0,1,0
1,0,2,0,0,0,-1,0
0,1,0,1,0,0,-1,0
1,1,0,0,0,0,2,0
0,0,2,0,0,0,0,0
1,1,0,1,0,0,2,0
1,0,0,1,0,0,-1,0
0,1,0,0,0,0,0,0
1,1,0,0,0,0,0,0
0,0,0,0,0,0,0,0
1,0,0,0,0,0,-1,0
1,0,2,0,0,0,-1,0
0,0,2,0,0,0,0,0
0,1,1,0,0,0,0,0
0,0,0,0,0,0,0,0
1,1,0,0,0,0,2,0
0,0,2,0,0,0,-1,0
0,0,2,0,0,0,-1,0
0,0,0,0,0,0,0,0
0,0,0,1,0,0,0,0
0,1,1,0,0,0,0,0
1,0,0,1,0,0,-1,0
0,1,1,0,0,0,0,0
0,1,0,1,0,0,0,0
1,1,0,0,0,0,-1,0
1,1,0,1,0,0,0,0
0,1,0,0,0,0,2,0
0,1,0,0,1,0,0,0
0,1,0,0,0,0,0,0
1,1,0,1,0,0,1,0
0,0,0,0,0,0,-1,0
0,1,0,0,0,0,2,0
1,1,1,1,0,0,1,0
0,0,0,0,0,0,0,0
0,1,0,1,0,0,0,0
0,0,3,0,0,0,2,0
0,0,2,0,0,0,-1,0
0,0,0,1,0,0,0,0
1,1,0,0,0,0,2,0
0,1,0,0,0,0,0,0
0,0,0,1,0,0,0,0
0,0,2,0,0,0,-1,0
1,0,2,0,0,0,-1,0
0,1,0,1,0,0,-1,0
0,1,0,1,0,0,0,0
0,0,2,1,0,0,-1,0
0,0,0,1,0,0,2,0
0,1,0,1,0,0,0,0
0,1,1,0,0,0,0,0
0,0,0,1,0,0,0,0
0,0,0,0,0,0,-1,0
1,1,0,1,0,0,2,0
1,1,0,1,0,0,0,0
0,1,0,0,0,0,0,0
0,1,0,0,0,0,2,0
0,1,3,1,0,0,0,0
0,1,1,0,0,0,1,0
1,1,0,0,0,0,0,0
0,1,0,1,0,0,1,0
0,1,0,1,0,0,1,0
0,0,0,1,0,0,0,0
1,0,0,1,0,0,0,0
0,1,0,1,0,0,-1,0
0,1,0,0,0,0,0,0
0,1,0,1,0,0,1,0
0,0,0,1,0,0,-1,0
0,1,0,0,0,0,0,0
0,1,0,1,0,0,0,0
0,1,1,1,0,0,1,0
1,1,0,1,0,0,0,0
0,1,0,0,0,0,-1,0
1,1,0,0,0,0,1,0
1,1,0,0,1,0,1,0
0,0,2,1,0,0,-1,0
1,1,1,0,0,0,1,0
0,0,0,0,0,0,-1,0
0,0,0,1,0,0,0,0
0,1,1,0,0,0,1,0
1,1,0,1,0,0,-1,0
0,0,0,1,0,0,0,0
0,1,0,1,0,0,0,0
1,1,0,1,0,0,2,0
1,0,0,1,0,0,-1,0
0,1,0,1,0,0,2,0
0,0,0,1,0,0,0,0
1,0,0,1,0,0,-1,0
1,1,0,1,0,0,-1,0
0,1,0,0,0,0,0,0
1,1,0,0,0,0,1,0
1,1,1,1,0,0,0,0
0,1,1,1,0,0,0,0
0,0,0,0,0,0,0,0
1,1,0,1,0,0,0,0
0,0,0,1,0,0,0,0
1,0,2,1,0,0,-1,0
0,1,0,1,0,0,1,0
1,0,0,1,0,0,-1,0
0,1,0,1,0,0,0,0
0,0,0,0,0,0,-1,0
0,1,0,0,0,0,0,0
0,1,0,1,0,0,0,0
0,0,0,1,0,0,0,0
0,1,0,1,0,0,0,0
0,1,0,1,0,0,0,0
0,1,0,1,0,0,-1,0
0,0,0,0,0,0,-1,0
0,1,1,0,0,0,0,0
0,1,0,1,0,0,1,0
0,0,2,0,0,0,-1,0
0,1,0,0,0,0,-1,0
0,1,0,0,0,0,0,0
0,1,0,1,1,0,0,0
0,0,3,1,0,0,2,0
1,0,2,0,0,0,-1,0
0,1,0,0,0,0,0,0
0,1,0,1,0,0,0,0
0,1,0,1,0,0,1,0
0,1,0,0,0,0,0,0
0,1,0,0,0,0,0,0
0,1,0,0,0,0,2,0
0,1,0,0,0,0,0,0
0,0,0,1,0,0,0,0
1,0,2,0,0,0,-1,0
1,1,0,0,0,0,2,0
0,0,0,0,0,0,0,0
1,0,2,0,0,0,-1,0
0,1,3,0,0,0,0,0
0,0,2,0,0,0,0,0
1,1,0,0,0,1,1,0
0,1,0,0,0,0,0,0
0,0,2,1,0,0,-1,0
0,1,0,1,0,0,0,0
1,0,2,0,0,0,-1,0
0,1,1,0,0,0,-1,0
0,1,3,1,0,0,2,0
0,1,0,0,0,0,0,0
0,0,0,0,0,0,-1,0
0,0,0,1,0,0,-1,0
0,1,0,0,0,0,0,0
0,1,0,0,0,0,0,0
0,1,0,1,0,0,0,0
1,1,0,1,0,0,0,0
0,0,0,1,0,0,0,0
0,1,0,0,0,0,-1,0
1,0,0,1,0,0,0,0
0,0,0,1,0,0,0,0
1,1,0,1,0,0,2,0
1,0,0,1,0,0,0,0
1,1,0,0,0,0,0,0
1,0,0,1,0,0,0,0
0,1,0,1,0,0,0,0
0,1,0,1,0,0,1,0
0,1,0,0,0,0,0,0
0,0,2,0,0,0,-1,0
1,1,0,0,0,0,-1,0
1,0,2,0,0,0,-1,0
0,1,0,0,0,0,-1,0
0,0,2,1,0,0,-1,0
0,0,2,1,0,0,-1,0
1,1,0,0,0,1,0,0
0,1,0,1,0,0,0,0
0,1,0,1,0,0,0,0
1,0,2,1,0,0,-1,0
1,0,0,0,0,0,-1,0
1,1,0,1,0,0,1,0
1,1,0,0,0,0,2,0
0,0,2,0,0,0,-1,0
0,1,0,0,0,0,0,0
1,1,0,0,0,0,1,0
0,1,0,1,0,0,0,0
1,1,0,1,0,0,0,0
0,0,0,1,0,0,0,0
0,1,0,0,0,0,0,0
1,1,0,0,1,0,0,0
0,0,2,1,0,0,-1,0
0,0,1,1,0,0,0,0
0,1,0,0,0,0,0,0
1,0,0,1,0,0,0,0
1,1,0,0,0,0,0,0
0,1,0,1,0,0,0,0
0,1,0,0,0,0,0,0
1,0,0,1,0,0,-1,0
0,0,1,0,0,0,0,0
0,1,0,0,0,0,0,0
1,1,0,1,0,0,-1,0
0,0,0,0,0,0,0,0
0,1,0,0,0,0,0,0
0,0,2,0,0,0,-1,0
0,1,0,1,0,0,1,0
1,1,0,0,0,0,-1,0
1,0,2,1,0,0,-1,0
0,0,0,0,0,0,0,0
1,0,0,1,0,0,-1,0
0,1,0,0,0,0,0,0
0,0,0,0,0,0,-1,0
1,1,0,1,0,0,2,0
1,1,0,0,0,0,-1,0
0,1,0,0,0,0,0,0
0,1,0,0,0,0,0,0
0,0,0,0,0,0,0,0
0,0,0,0,0,0,0,0
0,1,0,1,0,0,0,0
0,0,0,0,0,0,0,0
0,1,1,1,0,0,0,0
1,1,0,0,0,0,0,0
1,1,0,0,0,0,1,0
0,0,0,0,0,0,0,0
0,1,0,1,0,0,0,0
0,1,0,1,0,0,0,0
0,1,0,1,0,0,0,0
0,1,0,1,0,0,0,0
1,1,0,1,0,0,-1,0
1,0,2,1,0,0,-1,0
0,1,0,0,0,0,0,0
0,1,0,0,0,0,-1,0
1,0,2,1,0,0,-1,0
0,0,0,0,0,0,0,0
0,1,0,0,0,0,0,0
0,1,0,0,0,0,0,0
0,1,0,0,0,0,0,0
1,0,2,0,0,0,-1,0
1,0,2,0,0,0,-1,0
0,0,0,0,0,0,0,0
0,0,2,1,0,0,-1,0
1,1,0,0,0,0,0,0
0,0,2,1,0,0,-1,0
1,0,2,0,0,0,-1,0
0,1,0,1,0,0,0,0
0,0,0,1,0,0,0,0
1,1,0,1,0,1,1,0
0,1,0,0,0,0,0,0
1,1,0,0,0,0,-1,0
0,1,0,1,0,0,0,0
1,0,0,1,0,0,0,0
0,1,3,0,0,0,1,0
1,1,0,0,0,0,-1,0
0,1,0,0,0,0,0,0
1,1,0,0,0,0,2,0
0,1,0,0,0,0,0,0
1,1,0,1,0,0,0,0
0,1,0,1,0,0,-1,0
0,1,0,1,0,0,0,0
0,0,0,1,0,0,0,0
1,0,0,0,0,0,-1,0
0,1,0,0,0,0,-1,0
0,1,3,1,0,0,2,0
0,1,0,1,0,0,0,0
0,1,0,0,0,0,0,0
0,0,0,0,0,0,0,0
0,0,1,1,0,0,0,0
0,1,0,1,0,0,0,0
0,1,0,0,0,0,1,0
1,1,0,0,0,0,-1,0
1,1,0,0,0,0,0,0
0,0,2,0,0,0,-1,0
1,1,0,1,1,1,1,0
0,1,0,0,0,0,0,0
0,0,0,1,0,0,-1,0
0,1,0,1,0,0,0,0
0,0,0,1,0,0,0,0
0,1,0,1,0,0,0,0
1,1,0,1,0,0,0,0
0,1,0,1,0,0,0,0
0,0,0,1,0,0,0,0
1,0,0,1,0,0,0,0
1,1,0,1,0,0,0,0
1,0,0,0,0,0,0,0
0,1,0,0,0,0,0,0
1,1,1,1,0,0,1,0
0,0,2,1,0,0,-1,0
0,1,0,0,0,0,0,0
0,1,0,0,0,0,0,0
0,1,1,0,0,0,0,0
0,0,0,1,0,0,0,0
0,0,2,1,0,0,-1,0
1,1,0,0,0,0,-1,0
0,1,0,0,0,0,0,0
1,0,2,1,0,0,-1,0
0,1,0,1,0,0,0,0
0,1,0,1,0,0,0,0
1,1,0,1,0,0,0,0
0,1,0,0,0,0,0,0
0,1,0,1,0,0,0,0
1,0,1,0,0,0,0,0
0,1,0,1,1,0,0,0
0,1,0,1,0,0,0,0
0,1,0,1,0,0,0,0
1,0,0,1,0,0,-1,0
0,1,1,1,0,0,0,0
0,0,2,0,0,0,-1,0
0,1,1,1,0,0,0,0
1,1,0,0,0,0,0,0
0,0,2,0,0,0,-1,0
0,0,0,0,0,0,-1,0
1,1,0,1,0,0,0,0
0,1,0,1,0,0,0,0
0,1,0,1,0,0,0,0
1,0,0,0,0,0,0,0
0,1,0,1,0,0,0,0
0,1,0,1,0,0,0,0
0,0,0,0,0,0,-1,0
1,0,0,1,0,0,-1,0
0,1,0,1,0,0,0,0
1,0,0,0,0,0,-1,0
1,0,2,0,0,0,-1,0
0,1,0,0,0,0,1,0
0,1,1,0,0,0,1,0
1,1,0,1,0,0,1,0
0,1,1,0,0,0,1,0
1,1,0,0,0,0,0,0
0,1,0,0,0,0,0,0
0,0,1,1,0,0,0,0
0,1,0,0,0,0,0,0
0,1,0,1,0,0,0,0
0,1,0,1,0,0,0,0
0,0,0,1,0,0,0,0
1,1,0,0,0,0,0,0
1,1,0,1,0,0,1,0
0,1,0,1,0,0,0,0
1,0,0,0,0,0,0,0
0,0,0,1,0,0,0,0
0,0,0,0,0,0,-1,0
0,0,0,0,0,0,0,0
1,1,0,0,1,0,0,0
0,0,0,1,0,0,-1,0
0,1,0,1,0,0,0,0
0,0,0,0,0,0,0,0
1,1,0,0,0,0,0,0
0,1,0,1,0,0,-1,0
1,1,0,0,0,0,1,0
0,1,0,1,0,0,0,0
0,1,0,0,0,0,0,0
1,1,0,1,0,0,0,0
1,1,1,0,1,1,1,0
0,1,0,0,0,0,0,0
0,0,0,1,0,0,0,0
0,1,3,1,0,0,0,0
0,1,0,1,0,0,0,0
0,0,2,0,0,0,-1,0
0,1,0,1,0,0,0,0
0,0,0,0,0,0,0,0
0,0,2,1,0,0,-1,0
0,0,0,0,0,0,0,0
1,1,1,1,0,1,1,0
1,1,0,0,0,0,0,0
1,0,2,0,0,0,-1,0
0,0,3,1,0,0,2,0
0,0,2,1,0,0,-1,0
0,1,0,0,1,0,0,0
1,1,0,0,0,0,0,0
1,1,0,0,0,0,-1,0
0,1,0,0,0,0,0,0
0,1,3,1,0,0,2,0
1,0,2,1,0,0,-1,0
0,0,0,0,0,0,0,0
0,0,0,1,0,0,-1,0
0,1,0,1,0,0,1,0
0,0,0,1,0,0,0,0
1,1,0,1,0,0,2,0
1,1,0,1,0,0,1,0
0,1,0,0,0,0,0,0
0,0,2,0,0,0,0,0
1,1,0,1,0,0,0,0
0,1,0,0,0,0,0,0
0,1,0,1,0,0,-1,0
1,1,0,1,0,0,-1,0
0,1,1,0,0,0,0,0
0,1,0,0,0,0,0,0
0,0,0,0,0,0,0,0
1,1,1,1,0,0,1,0
1,1,0,1,0,0,2,0
1,1,0,0,0,0,1,0
1,1,0,0,0,0,0,0
0,0,0,0,0,0,0,0
1,1,0,1,0,0,1,0
0,0,0,0,0,0,-1,0
0,1,0,1,0,0,1,0
1,1,0,1,0,0,1,0
0,0,0,0,0,0,0,0
0,1,0,1,0,0,0,0
1,1,0,1,0,0,0,0
0,0,0,1,0,0,0,0
0,0,0,0,0,0,0,0
1,0,0,1,0,0,0,0
1,1,0,1,0,0,1,0
0,0,0,1,0,0,0,0
0,0,0,1,0,0,0,0
1,0,2,1,0,0,-1,0
1,1,0,0,0,0,0,0
0,1,0,0,0,0,0,0
0,1,0,1,0,0,0,0
1,1,0,0,0,0,-1,0
0,0,0,0,0,0,0,0
1,1,0,0,0,0,0,0
0,1,0,0,0,0,1,0
1,0,0,0,0,0,0,0
1,1,0,0,0,0,1,0
0,1,3,1,0,0,1,0
0,1,0,0,0,0,0,0
1,0,2,1,0,0,-1,0
0,1,0,0,0,0,-1,0
1,1,0,0,0,0,0,0
1,1,0,1,0,0,0,0
0,1,0,1,0,0,2,0
0,0,0,0,0,0,0,0
1,1,0,0,0,0,0,0
0,1,0,0,0,0,0,0
1,0,2,0,0,0,-1,0
1,1,0,1,0,0,0,0
1,1,0,0,0,0,1,0
0,1,0,1,0,0,0,0
0,0,0,0,0,0,-1,0
0,1,0,1,1,0,0,0
0,1,0,1,0,0,0,0
1,1,0,1,0,0,1,0
0,1,0,0,0,0,0,0
0,0,0,1,0,0,0,0
0,1,0,1,0,0,0,0
1,1,0,1,0,0,1,0
0,1,1,0,0,0,0,0
0,0,0,0,0,0,0,0
0,0,0,0,0,0,0,0
0,1,0,0,0,0,0,0
0,0,0,1,0,0,0,0
0,1,1,1,0,0,0,0
0,0,0,1,0,0,0,0
1,1,0,1,0,0,0,0
0,1,0,0,1,0,0,0
0,1,0,1,0,0,2,0
0,1,1,1,0,0,1,0
0,1,0,1,0,0,0,0
0,0,2,1,0,0,-1,0
1,1,0,0,0,0,2,0
0,1,0,1,0,0,-1,0
0,1,0,0,0,0,0,0
1,0,2,1,0,0,-1,0
0,1,0,1,0,0,0,0
1,1,0,1,0,0,2,0
1,1,0,0,0,0,0,0
0,1,0,1,0,0,0,0
1,1,0,1,0,0,2,0
1,0,0,1,0,0,0,0
1,1,0,1,0,0,1,0
0,0,0,1,0,0,0,0
0,1,0,0,0,0,0,0
0,1,0,1,0,0,0,0
0,0,2,0,0,0,-1,0
0,0,0,1,0,0,-1,0
0,1,0,0,0,0,0,0
0,1,0,1,0,0,0,0
0,1,0,0,0,0,0,0
0,1,0,1,0,0,0,0
0,1,0,0,0,0,0,0
0,0,0,0,0,0,-1,0
0,1,0,0,0,0,0,0
0,1,0,1,1,0,0,0
0,1,0,1,0,0,0,0
0,0,0,0,0,0,0,0
0,1,0,1,0,0,0,0
0,1,0,0,0,0,2,0
0,0,1,1,0,0,0,0
0,1,0,1,0,0,0,0
0,0,0,1,0,0,0,0
0,1,1,0,0,0,0,0
1,1,0,0,0,0,0,0
0,1,0,1,0,0,1,0
0,0,0,0,0,0,0,0
0,0,0,1,0,0,0,0
0,0,0,0,0,0,0,0
1,0,2,0,0,0,-1,0
0,1,1,0,0,0,0,0
1,1,0,1,0,0,0,0
0,1,0,1,0,0,0,0
0,1,1,1,0,0,0,0
0,1,0,1,0,0,0,0
0,1,0,0,0,0,0,0
0,1,0,0,0,0,0,0
0,1,1,0,0,0,-1,0
1,0,0,0,0,0,0,0
0,1,0,0,0,0,0,0
0,1,3,1,0,0,2,0
1,1,0,0,0,0,0,0
1,1,0,0,0,0,0,0
0,0,0,0,0,0,0,0
0,1,3,0,0,0,1,0
0,1,0,1,0,0,-1,0
0,1,0,0,0,0,1,0
0,0,0,0,0,0,0,0
0,1,0,0,0,0,0,0
0,1,0,1,0,0,0,0
0,1,0,1,0,0,0,0
0,1,0,0,0,0,0,0
0,1,0,1,0,0,-1,0
0,0,0,0,0,0,0,0
0,1,0,0,0,0,0,0
0,0,0,1,0,0,0,0
1,1,0,0,0,0,0,0
1,1,0,0,0,0,0,0
0,1,0,0,0,0,0,0
1,0,2,0,0,0,-1,0
0,1,0,1,0,0,0,0
1,0,2,1,0,0,-1,0
1,1,0,0,0,0,0,0
1,1,0,0,0,1,1,0
0,0,3,0,0,0,2,0
0,1,0,1,0,0,0,0
0,0,2,1,0,0,-1,0
0,1,0,0,0,0,1,0
1,1,1,1,0,0,1,0
0,0,0,0,0,0,-1,0
1,1,0,1,0,0,1,0
0,1,0,0,0,0,0,0
0,1,0,0,0,0,0,0
0,0,0,0,0,0,0,0
0,1,0,1,0,0,0,0
1,1,0,1,0,0,1,0
1,1,0,0,0,0,0,0
0,0,2,0,0,0,-1,0
0,1,0,0,0,0,0,0
1,1,0,0,0,0,2,0
0,1,1,0,0,0,1,0
0,1,0,1,0,0,0,0
0,1,0,1,0,0,0,0
1,1,0,0,0,0,0,0
0,0,0,1,0,0,0,0
0,1,0,1,0,0,0,0
1,0,0,1,0,0,0,0
1,0,0,0,0,0,0,0
0,0,0,0,0,0,0,0
1,1,0,1,0,0,0,0
0,1,0,0,0,0,0,0
0,1,0,0,0,0,0,0
0,1,0,0,0,0,1,0
0,0,0,0,0,0,0,0
0,0,2,1,0,0,-1,0
0,0,0,1,0,0,0,0
0,1,1,0,0,0,-1,0
1,1,0,1,0,0,1,0
0,1,0,0,0,0,0,0
1,0,0,0,0,0,0,0
0,1,0,0,0,0,0,0
1,1,0,1,0,0,1,0
0,1,0,1,0,0,0,0
0,0,0,1,0,0,-1,0
0,1,0,0,0,0,0,0
1,1,0,1,0,0,2,0
1,1,1,0,0,0,0,0
0,1,0,1,0,0,0,0
0,1,0,1,1,0,0,0
0,1,0,1,0,0,1,0
0,0,2,0,0,0,-1,0
0,1,0,1,1,0,0,0
0,1,0,1,0,0,1,0
0,1,0,1,1,0,0,0
0,1,0,1,0,0,0,0
0,0,0,0,0,0,0,0
0,1,0,0,0,0,0,0
0,0,0,1,0,0,0,0
0,1,0,1,0,0,0,0
0,1,1,0,0,0,1,0
0,0,0,1,0,0,-1,0
0,1,0,0,0,0,0,0
1,1,0,1,0,0,0,0
0,1,0,1,0,0,0,0
1,1,0,0,0,0,1,0
0,1,0,1,0,0,0,0
0,1,0,1,0,0,0,0
0,1,0,0,0,0,0,0
0,1,0,0,0,0,0,0
0,1,0,0,0,0,0,0
0,0,0,0,0,0,0,0
1,0,0,1,0,0,0,0
0,1,0,1,0,0,0,0
0,1,0,0,0,0,0,0
0,1,0,1,0,0,0,0
1,1,0,1,0,0,-1,0
1,0,0,1,0,0,0,0
1,1,0,0,0,0,1,0
1,0,2,0,0,0,-1,0
0,1,0,0,0,0,0,0
0,1,0,1,0,0,0,0
1,1,0,0,0,0,2,0
1,0,0,1,0,0,-1,0
0,1,0,0,0,0,0,0
1,1,0,1,0,0,1,0
0,1,0,0,0,0,-1,0
1,1,0,0,0,0,1,0
0,1,0,0,0,0,0,0
0,1,3,0,0,0,-1,0
0,0,2,0,0,0,-1,0
1,0,2,0,0,0,-1,0
0,1,0,1,1,0,0,0
0,1,0,0,0,0,0,0
1,1,0,1,0,0,0,0
0,0,0,0,0,0,-1,0
0,1,0,1,0,0,2,0
1,0,0,1,0,0,2,0
0,1,0,1,0,0,0,0
0,1,0,0,0,0,0,0
1,1,0,0,0,0,0,0
1,0,0,1,0,0,0,0
1,0,2,0,0,0,-1,0
1,1,0,0,0,0,-1,0
0,1,0,1,0,0,0,0
0,1,0,1,0,0,0,0
0,0,0,0,0,0,-1,0
0,1,0,1,0,0,0,0
1,1,0,1,0,0,0,0
0,1,0,1,0,0,-1,0
1,1,0,0,0,0,1,0
1,0,0,1,0,0,0,0
0,1,0,0,0,0,0,0
1,1,0,0,0,0,0,0
0,1,0,0,0,0,0,0
0,0,2,0,0,0,-1,0
0,1,0,1,0,0,0,0
1,1,0,1,0,0,2,0
0,1,0,0,0,0,0,0
0,0,3,0,0,0,2,0
0,1,0,1,0,0,2,0
0,1,0,1,0,0,0,0
1,1,0,1,0,0,2,0
0,0,0,1,0,0,-1,0
0,0,2,1,0,0,-1,0
0,1,0,0,0,0,0,0
0,1,0,1,0,0,0,0
1,1,0,1,0,0,2,0
1,0,2,1,0,0,-1,0
1,0,0,0,0,0,0,0
0,0,0,0,0,0,0,0
1,1,0,0,0,0,0,0
1,1,0,1,0,0,1,0
0,1,0,1,0,0,0,0
0,1,0,0,0,0,0,0
0,0,2,0,0,0,-1,0
1,0,0,0,0,0,0,0
0,1,0,1,0,0,0,0
1,0,2,0,0,0,-1,0
0,0,0,0,0,0,0,0
0,1,0,1,0,0,0,0
1,1,0,1,0,0,0,0
0,1,0,0,0,0,0,0
1,0,2,0,0,0,-1,0
0,0,0,1,0,0,-1,0
1,1,0,0,0,0,1,0
1,1,0,1,1,0,0,0
0,1,0,1,0,0,0,0
0,0,0,0,0,0,0,0
1,0,2,0,0,0,-1,0
1,0,2,1,0,0,-1,0
0,0,0,1,0,0,0,0
1,0,0,1,0,0,2,0
0,1,1,0,0,0,0,0
1,1,1,1,0,0,0,0
0,1,0,0,0,0,0,0
1,1,0,1,0,0,2,0
0,1,0,1,0,0,0,0
0,1,0,0,0,0,0,0
0,1,0,1,0,0,0,0
0,1,1,0,0,0,0,0
0,0,0,1,0,0,0,0
0,1,0,1,0,0,0,0
0,1,0,0,0,0,0,0
0,1,0,0,0,0,-1,0
1,1,0,1,0,0,0,0
0,1,3,0,0,0,1,0
0,0,0,0,0,0,0,0
0,0,0,1,0,0,0,0
0,0,0,1,0,0,0,0
1,1,0,0,0,0,0,0
0,0,0,1,0,0,0,0
1,1,0,0,0,0,0,0
1,0,0,0,0,0,-1,0
1,0,0,0,0,0,0,0
0,1,0,1,0,0,0,0
0,1,0,0,0,0,0,0
1,1,0,1,0,0,1,0
0,1,0,0,0,0,0,0
1,0,0,0,0,0,-1,0
1,0,2,1,0,0,-1,0
0,0,0,0,0,0,0,0
0,1,0,0,0,0,-1,0
0,1,0,0,0,0,0,0
0,0,0,0,0,0,0,0
0,1,0,1,0,0,0,0
0,1,0,0,0,0,0,0
1,1,0,0,0,0,0,0
0,1,0,1,0,0,-1,0
1,0,0,1,0,0,-1,0
0,0,0,0,0,0,0,0
0,1,0,0,0,0,2,0
0,1,0,1,0,0,0,0
0,0,0,1,0,0,-1,0
1,0,0,1,0,0,0,0
1,1,0,0,0,0,0,0
0,1,0,1,1,0,0,0
0,0,0,0,0,0,0,0
0,0,2,0,0,0,-1,0
1,1,0,1,0,0,0,0
0,1,0,1,0,0,0,0
1,1,0,1,0,0,0,0
1,0,2,1,0,0,-1,0
0,0,0,0,0,0,-1,0
1,0,0,1,0,0,0,0
0,1,1,1,0,0,0,0
0,1,0,0,0,0,0,0
1,0,2,0,0,0,-1,0
1,1,0,0,0,0,1,0
0,1,0,0,0,0,0,0
0,1,0,1,0,0,0,0
0,1,0,0,0,0,-1,0
1,1,0,0,0,0,-1,0
1,1,0,0,0,0,-1,0
1,0,2,0,0,0,-1,0
0,0,0,1,0,0,0,0
0,1,0,0,0,0,0,0
1,1,0,0,0,0,0,0
0,1,0,0,0,0,0,0
1,0,0,0,0,0,0,0
0,0,0,1,0,0,0,0
0,0,0,1,0,0,0,0
1,1,0,0,1,1,1,0
0,1,0,1,0,0,0,0
0,1,0,1,0,0,0,0
0,0,0,0,0,0,0,0
0,0,0,1,0,0,0,0
0,1,0,1,0,0,0,0
0,0,2,0,0,0,-1,0
0,1,0,0,0,0,0,0
0,1,1,1,0,0,1,0
1,1,0,1,0,0,1,0
0,1,0,1,0,0,0,0
1,0,0,1,0,0,0,0
1,1,0,0,0,0,0,0
0,1,0,1,0,0,0,0
0,1,0,1,0,0,0,0
1,0,2,1,0,0,-1,0
0,1,1,0,0,0,0,0
0,0,0,0,0,0,0,0
0,0,0,0,0,0,0,0
0,0,0,1,0,0,0,0
1,0,0,0,0,0,0,0
1,1,0,1,0,0,1,0
0,0,0,1,0,0,-1,0
0,1,0,0,0,0,0,0
0,0,2,0,0,0,-1,0
1,0,0,0,0,0,-1,0
0,0,0,0,0,0,-1,0
0,1,0,1,0,0,0,0
0,1,0,1,0,0,1,0
1,1,0,1,0,0,1,0
0,1,0,0,0,0,0,0
1,1,1,0,0,0,1,0
0,1,1,1,0,0,1,0
0,1,0,1,0,0,0,0
0,1,0,1,0,0,0,0
1,0,0,0,0,0,0,0
0,1,0,0,0,0,0,0
0,0,2,1,0,0,-1,0
1,0,0,0,0,0,0,0
0,1,1,0,0,0,0,0
0,1,0,1,0,0,0,0
0,1,0,1,0,0,2,0
0,1,0,0,0,0,-1,0
1,1,1,1,0,0,0,0
0,1,0,0,0,0,-1,0
1,1,0,1,0,0,0,0
0,1,0,1,0,0,0,0
0,1,0,0,0,0,-1,0
1,0,0,0,0,0,-1,0
0,1,0,1,0,0,0,0
0,1,0,0,0,0,0,0
1,1,0,1,0,0,1,0
1,0,0,0,0,0,-1,0
1,1,0,1,0,0,0,0
0,1,0,1,0,0,0,0
0,0,0,1,0,0,0,0
0,1,0,0,0,0,0,0
1,1,0,0,1,0,0,0
1,0,2,0,0,0,-1,0
0,0,2,1,0,0,-1,0
1,0,1,1,0,0,0,0
1,1,0,1,0,0,0,0
0,0,0,1,0,0,0,0
0,1,0,0,1,0,0,0
0,1,0,1,0,0,0,0
0,0,0,1,0,0,-1,0
0,0,2,0,0,0,-1,0
0,0,0,1,0,0,-1,0
0,1,0,0,0,0,0,0
1,0,0,1,0,0,0,0
0,0,0,0,0,0,0,0
0,0,2,0,0,0,-1,0
0,1,3,1,0,0,1,0
1,0,2,1,0,0,-1,0
0,0,0,0,0,0,0,0
0,0,0,1,0,0,0,0
1,1,0,0,0,0,0,0
0,1,0,1,0,0,0,0
0,0,0,0,0,0,0,0
0,0,0,0,0,0,0,0
1,1,0,0,0,0,-1,0
1,1,0,0,0,0,0,0
1,0,0,0,0,0,-1,0
1,0,0,1,0,0,-1,0
1,0,0,0,0,0,-1,0
0,0,0,1,0,0,-1,0
0,1,0,0,0,0,0,0
0,0,0,1,0,0,0,0
0,0,2,0,0,0,-1,0
0,1,0,1,0,0,0,0
0,1,0,0,0,0,0,0
1,1,0,0,0,0,0,0
0,1,0,1,0,0,0,0
0,1,0,1,0,0,2,0
0,1,0,0,0,0,0,0
0,0,2,0,0,0,-1,0
0,0,0,0,0,0,0,0
1,0,0,1,0,0,0,0
0,1,0,0,0,0,1,0
1,0,2,1,0,0,-1,0
0,1,0,1,0,0,-1,0
1,1,0,1,0,0,0,0
0,1,0,0,0,0,0,0
1,1,0,0,0,0,-1,0
1,1,0,0,0,0,0,0
1,0,2,0,0,0,-1,0
0,0,0,0,0,0,0,0
0,0,0,1,0,0,0,0
0,1,0,0,0,0,0,0
1,0,2,1,0,0,-1,0
0,1,0,1,0,0,0,0
0,1,0,1,0,0,-1,0
0,0,0,0,0,0,-1,0
0,0,2,0,0,0,-1,0
1,1,0,0,0,0,1,0
0,1,1,1,0,0,1,0
0,0,0,0,0,0,0,0
0,1,0,0,0,0,0,0
1,1,0,1,0,0,1,0
1,0,0,0,0,0,0,0
0,0,0,0,0,0,0,0
0,0,2,0,0,0,-1,0
1,1,0,0,0,0,0,0
1,0,0,1,0,0,0,0
0,1,0,0,0,0,0,0
0,1,0,1,0,0,0,0
1,1,0,1,0,0,-1,0
0,1,0,1,0,0,0,0
1,1,0,0,0,0,1,0
0,0,0,0,0,0,0,0
1,1,0,0,0,0,0,0
0,1,0,0,0,0,0,0
1,1,0,1,0,0,0,0
0,1,0,1,0,0,0,0
1,1,0,0,0,0,0,0
1,1,0,0,0,0,1,0
0,1,0,1,0,0,0,0
0,1,0,1,0,0,0,0
1,0,2,0,0,0,-1,0
1,0,0,1,0,0,0,0
0,0,0,0,0,0,0,0
0,1,0,0,0,0,0,0
1,0,0,0,0,0,-1,0
1,1,0,0,0,0,0,0
0,1,0,1,1,0,0,0
1,1,0,0,0,0,-1,0
1,1,0,0,0,0,1,0
1,0,0,0,0,0,0,0
1,0,2,0,0,0,-1,0
1,1,0,1,0,0,0,0
0,1,0,0,0,0,0,0
1,1,0,0,0,0,1,0
0,1,0,0,0,0,0,0
1,1,0,0,0,0,1,0
0,1,0,1,0,0,-1,0
1,0,0,0,0,0,0,0
0,1,0,0,0,0,0,0
0,1,0,0,0,0,0,0
0,1,1,1,0,0,0,0
1,1,0,0,0,1,1,0
0,1,0,0,0,0,0,0
0,0,0,0,0,0,2,0
1,1,0,0,0,0,0,0
0,1,1,0,0,0,0,0
0,0,0,0,0,0,0,0
0,1,0,0,0,0,-1,0
1,0,2,0,0,0,-1,0
1,0,0,1,0,0,0,0
1,1,0,1,0,0,0,0
0,1,0,1,0,0,0,0
1,1,0,1,0,0,-1,0
0,1,0,0,0,0,0,0
1,1,0,1,1,0,1,0
1,1,0,1,0,0,0,0
1,1,0,0,1,0,0,0
0,1,0,1,0,0,0,0
0,0,0,0,0,0,0,0
1,1,0,1,0,0,-1,0
1,1,3,0,0,0,2,0
1,1,0,1,0,0,2,0
1,0,0,0,0,0,0,0
0,1,0,1,0,0,0,0
0,1,0,1,0,0,0,0
1,1,0,0,0,0,1,0
0,1,0,1,0,0,0,0
1,0,0,1,0,0,0,0
1,1,1,1,0,0,1,0
0,1,1,0,0,0,0,0
0,1,0,0,0,0,0,0
0,0,2,0,0,0,-1,0
0,1,0,1,0,0,0,0
0,1,0,0,0,0,0,0
1,1,1,1,0,1,1,0
1,1,0,1,0,0,0,0
0,0,0,0,0,0,0,0
1,1,0,0,0,0,0,0
1,1,0,0,0,0,1,0
0,1,0,0,0,0,0,0
0,0,0,0,0,0,0,0
0,0,0,1,0,0,0,0
0,1,3,1,0,0,2,0
1,1,0,1,0,0,0,0
1,1,0,0,0,0,0,0
0,1,0,0,1,0,0,0
1,0,0,0,0,0,-1,0
1,0,0,0,0,0,-1,0
0,1,0,0,0,0,-1,0
0,1,0,0,0,0,0,0
1,1,1,1,0,0,1,0
1,1,0,1,0,0,0,0
0,1,0,1,0,0,0,0
0,0,2,0,0,0,-1,0
1,0,2,0,0,0,-1,0
0,1,0,0,0,0,0,0
0,1,0,0,0,0,2,0
1,1,0,0,0,0,0,0
1,1,0,1,0,0,0,0
0,1,0,1,0,0,0,0
0,0,0,1,0,0,0,0
0,1,0,1,0,0,0,0
1,1,0,1,0,0,1,0
0,0,2,1,0,0,-1,0
1,0,2,1,0,0,-1,0
0,0,0,0,0,0,0,0
1,1,0,1,0,0,0,0
0,1,0,1,0,0,2,0
1,1,0,1,0,0,0,0
0,1,0,1,0,0,0,0
0,0,0,1,0,0,0,0
1,0,0,1,0,0,0,0
1,1,0,0,0,0,0,0
0,0,0,1,0,0,0,0
0,1,1,1,0,0,0,0
0,1,1,0,0,0,0,0
0,1,0,1,0,0,-1,0
0,1,0,0,0,0,0,0
1,0,2,1,0,0,-1,0
1,1,0,0,0,0,0,0
0,1,1,0,0,0,0,0
0,1,0,1,0,0,-1,0
0,1,0,1,0,0,0,0
1,1,0,1,0,0,2,0
1,1,0,1,0,0,0,0
1,1,0,1,0,0,0,0
1,1,0,1,0,0,2,0
0,0,0,0,0,0,0,0
1,1,0,0,0,0,0,0
1,1,0,1,0,0,-1,0
0,1,0,1,0,0,-1,0
0,0,2,0,0,0,-1,0
1,1,0,0,1,1,1,1
0,0,2,1,0,0,-1,0
0,0,0,1,0,0,-1,0
0,1,0,1,0,0,0,0
0,1,0,1,0,0,0,0
1,0,0,1,0,0,0,0
1,1,0,0,0,0,1,0
0,1,0,0,0,0,0,0
1,1,3,1,0,0,2,0
0,0,0,1,0,0,0,0
0,1,0,1,0,0,0,0
0,0,0,0,0,0,0,0
1,1,0,0,0,0,0,0
1,0,0,0,0,0,0,0
0,1,0,0,0,0,0,0
0,0,0,0,0,0,0,0
0,1,1,0,0,0,0,0
0,1,0,0,0,0,0,0
0,1,0,1,0,0,0,0
1,0,2,0,0,0,-1,0
1,1,0,1,0,0,-1,0
1,0,0,0,0,0,-1,0
0,0,0,1,0,0,0,0
0,0,2,0,0,0,-1,0
1,1,0,0,0,0,1,0
0,1,0,1,0,0,2,0
0,1,0,1,0,0,1,0
1,0,2,1,0,0,-1,0
0,0,2,1,0,0,-1,0
0,0,0,0,0,0,0,0
1,1,0,1,0,0,2,0
0,1,0,0,0,0,0,0
1,1,0,0,0,0,0,0
0,1,0,0,0,0,0,0
0,1,0,0,0,0,-1,0
0,1,1,1,0,0,0,0
0,1,0,1,0,0,0,0
1,0,2,1,0,0,-1,0
1,1,0,0,0,0,0,0
1,1,0,0,0,0,0,0
1,1,1,0,0,1,1,0
0,0,1,1,0,0,-1,0
1,1,0,0,0,0,0,0
1,1,0,0,0,0,1,0
1,1,0,1,0,0,0,0
1,0,0,0,0,0,0,0
1,0,0,1,0,0,2,0
0,0,1,0,0,0,0,0
0,1,0,1,0,0,0,0
1,1,0,1,0,0,2,0
0,1,0,0,0,0,0,0
1,0,0,0,0,0,0,0
1,0,2,1,0,0,-1,0
0,1,1,0,0,0,1,0
0,0,2,0,0,0,0,0
0,0,0,0,0,0,0,0
1,0,0,1,0,0,0,0
1,1,0,1,0,0,0,0
0,1,0,0,0,0,0,0
1,0,2,1,0,0,-1,0
0,0,0,0,0,0,0,0
0,1,0,0,0,0,0,0
1,0,2,1,0,0,-1,0
1,1,0,1,0,0,1,0
0,1,0,0,0,0,0,0
0,0,0,1,0,0,0,0
1,1,0,1,0,0,1,0
1,1,0,0,0,0,0,0
1,0,0,1,0,0,-1,0
0,1,0,1,0,0,0,0
0,1,0,1,0,0,-1,0
1,1,0,1,0,0,0,0
0,1,0,0,0,0,0,0
0,0,0,1,0,0,0,0
0,0,2,0,0,0,-1,0
0,1,0,0,0,0,0,0
0,1,0,0,0,0,0,0
1,0,0,0,0,0,-1,0
0,0,0,1,0,0,0,0
0,1,0,0,0,0,0,0
1,1,0,0,0,0,1,0
0,1,0,0,0,0,0,0
0,1,0,0,0,0,0,0
0,0,1,1,0,0,0,0
1,1,0,0,0,0,0,0
1,1,0,0,0,0,1,0
1,1,0,1,0,0,1,0
0,1,0,1,0,0,0,0
1,1,0,1,0,0,0,0
0,0,0,0,0,0,0,0
0,1,0,0,0,0,0,0
1,1,0,1,0,0,1,0
0,1,0,0,0,0,0,0
0,1,0,1,0,0,0,0
0,1,0,1,1,0,0,0
0,1,0,1,1,0,0,0
1,0,2,1,0,0,-1,0
1,1,0,0,0,0,1,0
0,1,3,0,0,0,2,0
1,0,2,1,0,0,-1,0
0,0,0,0,0,0,0,0
0,0,0,0,0,0,0,0
0,0,0,0,0,0,0,0
0,1,0,1,0,0,-1,0
0,0,0,0,0,0,0,0
0,0,0,1,0,0,0,0
0,1,0,1,0,0,-1,0
1,0,2,0,0,0,-1,0
0,1,0,1,0,0,2,0
0,0,0,1,0,0,0,0
1,0,2,0,0,0,-1,0
0,1,0,1,0,0,0,0
1,0,0,0,0,0,-1,0
1,0,0,0,0,0,-1,0
1,0,2,0,0,0,-1,0
0,1,0,0,0,0,0,0
0,1,0,0,0,0,0,0
0,0,0,0,0,0,0,0
0,0,0,0,0,0,0,0
0,1,0,0,0,0,0,0
1,1,0,1,0,0,0,0
0,0,2,0,0,0,-1,0
0,1,0,0,0,0,-1,0
1,0,0,1,0,0,0,0
0,1,0,0,0,0,0,0
0,0,1,1,0,0,0,0
1,1,0,0,0,0,0,0
1,1,0,1,0,0,1,0
0,1,3,1,0,0,2,0
1,1,0,1,0,0,0,0
0,1,1,0,0,0,0,0
0,1,0,1,0,0,0,0
0,0,0,1,0,0,0,0
0,0,2,1,0,0,-1,0
0,1,0,0,0,0,0,0
1,1,0,1,0,0,0,0
0,0,0,1,0,0,0,0
1,0,0,1,0,0,0,0
0,1,0,1,0,0,1,0
0,0,0,0,0,0,0,0
0,1,0,1,0,0,2,0
0,0,2,0,0,0,-1,0
1,1,0,0,0,0,1,0
0,0,2,1,0,0,-1,0
1,1,0,1,0,0,0,0
0,1,0,1,0,0,0,0
0,0,0,1,0,0,0,0
1,0,2,0,0,0,-1,0
1,0,0,1,0,0,0,0
1,1,0,1,0,0,0,0
1,1,0,0,0,0,0,0
0,0,0,0,0,0,2,0
0,0,0,0,0,0,0,0
0,0,0,1,0,0,0,0
0,0,0,0,0,0,0,0
0,0,2,0,0,0,-1,0
1,1,0,0,0,0,2,0
1,0,0,1,0,0,0,0
1,1,0,1,0,0,-1,0
0,1,0,0,0,0,2,0
1,0,2,0,0,0,-1,0
0,1,1,1,0,0,0,0
1,1,0,1,0,0,1,0
0,0,0,0,0,0,0,0
0,1,0,1,0,0,1,0
0,0,1,0,0,0,0,0
0,1,0,0,0,0,0,0
0,1,3,0,0,0,2,0
0,1,0,1,1,0,0,0
0,0,0,0,0,0,0,0
1,0,0,1,0,0,-1,0
1,0,2,0,0,0,-1,0
0,1,0,1,0,0,2,0
0,1,0,0,0,0,0,0
1,1,0,1,0,0,-1,0
1,1,0,1,0,0,1,0
0,1,0,1,0,0,0,0
0,1,0,0,0,0,0,0
1,0,2,0,0,0,-1,0
0,0,2,1,0,0,-1,0
0,0,0,0,0,0,0,0
0,1,0,0,0,0,0,0
0,1,0,1,0,0,0,0
0,1,0,1,0,0,0,0
1,1,0,1,0,0,0,0
1,0,0,0,0,0,-1,0
0,1,1,1,0,0,0,0
1,1,0,1,0,0,1,0
0,1,0,0,0,0,0,0
0,1,0,0,0,0,0,0
1,0,0,0,0,0,-1,0
1,1,0,0,1,0,0,0
1,1,0,1,0,0,0,0
1,0,2,0,0,0,-1,0
0,0,1,0,0,0,0,0
0,1,0,0,0,0,0,0
0,1,0,1,1,0,0,0
0,1,0,0,0,0,0,0
1,0,2,0,0,0,-1,0
0,0,2,1,0,0,-1,0
1,1,0,1,0,0,0,0
1,1,0,1,0,0,0,0
0,0,0,1,0,0,0,0
0,1,0,1,0,0,1,0
0,0,2,1,0,0,-1,0
0,1,0,1,0,0,0,0
0,0,0,0,0,0,0,0
0,0,0,1,0,0,0,0
0,1,0,1,1,0,0,0
0,0,2,1,0,0,-1,0
0,0,0,0,0,0,-1,0
1,1,0,0,0,0,1,0
1,0,2,1,0,0,-1,0
1,1,0,1,0,0,1,0
1,0,0,1,0,0,-1,0
0,0,0,1,0,0,0,0
0,1,0,1,0,0,1,0
1,1,0,1,0,0,1,0
0,0,0,0,0,0,-1,0
1,0,2,0,0,0,-1,0
1,0,2,0,0,0,-1,0
0,1,0,1,0,0,0,0
0,1,0,1,0,0,0,0
1,0,2,1,0,0,-1,0
0,0,0,0,0,0,0,0
0,1,1,1,0,0,1,0
1,1,0,1,0,0,-1,0
1,1,0,0,0,0,0,0
0,1,0,0,0,0,0,0
1,0,0,1,0,0,0,0
1,1,0,1,0,0,0,0
0,1,3,0,0,0,2,0
0,1,0,1,0,0,0,0
1,0,2,1,0,0,-1,0
1,1,0,0,0,0,-1,0
0,1,0,1,0,0,0,0
1,1,0,0,0,0,0,0
1,1,0,0,0,0,1,0
1,0,0,0,0,0,-1,0
0,1,0,0,0,0,0,0
0,1,0,1,0,0,1,0
0,0,0,0,0,0,0,0
1,0,0,1,0,0,0,0
0,1,1,0,0,0,0,0
0,1,0,1,0,0,0,0
0,0,1,0,0,0,0,0
0,1,0,0,0,0,2,0
0,1,0,1,0,0,2,0
0,0,2,1,0,0,0,0
0,1,0,1,0,0,-1,0
0,0,2,1,0,0,-1,0
0,1,0,1,0,0,0,0
0,1,0,1,0,0,-1,0
0,1,0,1,0,0,0,0
0,1,0,0,0,0,0,0
0,1,0,1,0,0,0,0
0,1,3,1,0,0,2,0
1,1,0,1,0,0,0,0
1,1,0,1,0,0,0,0
0,1,0,0,0,0,1,0
1,0,0,1,0,0,-1,0
0,0,0,0,0,0,0,0
1,1,0,0,0,0,2,0
1,1,0,0,0,0,1,0
1,0,2,0,0,0,-1,0
1,0,2,1,0,0,-1,0
0,1,0,1,0,0,0,0
0,1,1,1,0,0,0,0
0,1,0,0,0,0,0,0
0,1,0,1,0,0,-1,0
0,1,0,1,0,0,1,0
0,0,2,0,0,0,-1,0
0,1,0,0,0,0,2,0
0,0,2,0,0,0,-1,0
0,1,0,1,0,0,2,0
1,0,2,1,0,0,-1,0
0,1,0,1,0,0,0,0
0,1,0,0,0,0,0,0
0,1,0,1,0,0,0,0
0,1,0,0,0,0,0,0
1,0,2,0,0,0,-1,0
1,1,0,0,0,0,0,0
0,0,0,0,0,0,0,0
0,1,0,0,0,0,2,0
0,1,0,1,1,0,0,0
1,0,0,1,0,0,-1,0
0,1,0,1,0,0,0,0
1,1,0,1,0,0,-1,0
1,1,0,0,0,0,0,0
1,0,2,0,0,0,-1,0
1,1,0,0,0,0,-1,0
0,0,0,0,0,0,-1,0
0,1,0,0,0,0,0,0
1,1,0,0,0,0,1,0
1,1,0,1,0,0,-1,0
0,1,0,0,1,0,0,0
0,0,0,1,0,0,0,0
0,1,0,0,0,0,0,0
1,0,2,0,0,0,-1,0
1,0,0,1,0,0,0,0
0,1,0,1,0,0,0,0
1,1,0,0,0,0,0,0
0,1,1,0,0,0,-1,0
1,1,0,1,0,0,0,0
1,1,0,0,0,0,-1,0
1,1,0,1,0,0,0,0
0,1,0,1,0,0,0,0
1,1,0,0,0,0,1,0
1,1,0,0,0,0,0,0
0,0,0,0,0,0,-1,0
0,1,0,0,0,0,1,0
1,0,2,1,0,0,-1,0
0,0,0,1,0,0,0,0
1,1,0,0,1,0,1,0
0,0,0,0,0,0,-1,0
0,1,0,0,0,0,1,0
0,0,0,1,0,0,0,0
0,1,0,0,0,0,0,0
0,0,0,0,0,0,0,0
1,0,2,1,0,0,-1,0
1,0,0,0,0,0,0,0
0,0,0,0,0,0,0,0
0,1,0,0,0,0,0,0
1,0,0,1,0,0,0,0
0,0,0,1,0,0,0,0
0,0,0,1,0,0,0,0
0,1,1,1,0,0,1,0
0,0,0,0,0,0,0,0
1,1,0,1,0,0,1,0
0,1,0,0,0,0,0,0
1,0,2,0,0,0,-1,0
0,0,0,1,0,0,-1,0
0,0,2,1,0,0,-1,0
0,0,0,0,0,0,0,0
1,0,2,0,0,0,-1,0
1,0,2,1,0,0,-1,0
0,0,0,1,0,0,0,0
1,1,0,1,0,0,0,0
1,1,0,0,0,0,-1,0
0,1,0,0,0,0,0,0
0,1,1,0,0,0,0,0
1,0,0,1,0,0,0,0
0,1,0,0,0,0,0,0
0,1,0,1,0,0,0,0
0,1,0,0,0,0,0,0
1,1,0,1,0,0,0,0
0,1,0,1,0,0,-1,0
1,1,1,1,0,0,-1,0
1,0,0,0,0,0,0,0
1,1,0,1,0,0,-1,0
0,1,1,1,0,0,0,0
1,1,0,1,0,0,1,0
0,1,0,1,1,0,0,0
0,1,0,0,0,0,0,0
1,1,0,0,0,0,-1,0
0,0,0,1,0,0,0,0
1,1,0,1,0,0,0,0
0,1,0,1,0,0,0,0
0,1,0,0,0,0,-1,0
0,0,0,0,0,0,0,0
0,1,0,1,0,0,-1,0
1,1,0,1,0,0,-1,0
0,1,0,1,0,0,2,0
0,1,0,0,0,0,0,0
0,1,0,1,0,0,2,0
1,1,0,0,0,0,-1,0
1,1,0,1,0,0,0,0
1,0,0,0,0,0,-1,0
1,0,0,0,0,0,0,0
0,1,0,1,0,0,0,0
1,1,0,0,1,0,0,0
0,0,0,0,0,0,0,0
0,1,0,0,0,0,0,0
1,1,0,0,0,0,2,0
1,0,0,1,0,0,0,0
0,1,0,1,0,0,0,0
1,0,2,1,0,0,-1,0
0,1,0,0,0,0,0,0
1,1,0,0,0,0,-1,0
0,0,2,0,0,0,-1,0
1,1,0,1,0,0,1,0
1,1,0,1,0,0,2,0
0,0,2,0,0,0,-1,0
1,1,0,1,0,0,2,0
0,0,0,0,0,0,0,0
0,0,2,0,0,0,-1,0
0,1,0,1,0,0,0,0
0,1,3,1,0,0,1,0
0,1,0,0,0,0,0,0
1,1,1,0,0,1,1,0
0,1,0,0,0,0,1,0
0,0,2,1,0,0,-1,0
1,0,2,1,0,0,-1,0
0,1,0,1,0,0,2,0
0,0,1,1,0,0,0,0
0,0,0,0,0,0,0,0
1,0,2,0,0,0,-1,0
1,0,2,1,0,0,-1,0
1,0,2,1,0,0,-1,0
0,1,0,1,0,0,0,0
1,0,2,0,0,0,-1,0
0,1,0,0,0,0,1,0
0,1,3,1,0,0,2,0
0,1,0,0,0,0,2,0
0,1,0,0,0,0,0,0
0,0,0,0,0,0,0,0
0,0,0,1,0,0,-1,0
1,1,0,0,0,0,0,0
1,1,0,0,0,0,1,0
0,0,2,1,0,0,-1,0
0,1,1,0,0,0,0,0
0,0,0,1,0,0,0,0
0,1,0,1,0,0,1,0
1,1,0,1,0,0,-1,0
1,1,0,1,1,0,1,0
0,1,0,0,0,0,0,0
1,1,0,1,0,0,0,0
1,0,0,1,0,0,-1,0
1,0,2,0,0,0,-1,0
0,1,0,1,1,0,0,0
1,0,0,1,0,0,-1,0
1,1,0,1,0,0,1,0
0,1,0,0,0,0,0,0
1,1,0,1,0,0,1,0
0,1,0,0,0,0,-1,0
0,1,0,1,0,0,0,0
0,1,0,0,0,0,0,0
1,0,2,0,0,0,-1,0
0,0,0,1,0,0,0,0
1,1,0,1,0,0,1,0
0,1,0,1,0,0,0,0
0,1,0,0,0,0,0,0
1,1,0,0,0,0,0,0
1,0,2,0,0,0,-1,0
0,0,2,1,0,0,-1,0
0,1,0,1,0,0,0,0
1,1,0,0,0,0,0,0
0,0,0,0,0,0,0,0
1,1,0,1,0,0,0,0
0,1,0,1,0,0,0,0
1,1,0,0,0,0,1,0
0,1,0,1,0,0,0,0
0,1,0,1,0,0,0,0
1,1,0,1,0,0,1,0
1,1,0,0,0,0,0,0
0,0,1,1,0,0,0,0
0,1,0,1,0,0,0,0
1,1,0,0,0,0,0,0
0,0,0,1,0,0,0,0
0,1,0,0,0,0,0,0
1,1,0,1,0,0,0,0
0,1,1,0,0,0,0,0
1,0,0,0,0,0,0,0
0,1,0,0,0,0,0,0
1,1,0,0,0,0,0,0
1,1,0,0,0,0,0,0
1,0,2,1,0,0,-1,0
0,0,2,1,0,0,-1,0
0,1,0,1,0,0,-1,0
0,1,1,1,0,0,1,0
1,1,0,0,0,0,0,0
1,1,0,0,0,0,1,0
1,0,2,1,0,0,-1,0
1,1,0,0,0,0,1,0
1,1,0,1,0,0,1,0
0,1,0,1,0,0,0,0
1,0,2,1,0,0,-1,0
1,1,0,0,0,0,0,0
0,0,0,0,0,0,-1,0
0,0,0,0,0,0,0,0
1,0,0,0,0,0,-1,0
1,1,0,1,0,0,0,0
1,1,0,1,0,0,0,0
0,1,0,1,0,0,-1,0
0,1,0,0,0,0,0,0
0,0,0,0,0,0,-1,0
0,1,1,0,0,0,1,0
1,1,0,1,0,0,0,0
1,1,0,0,0,0,0,0
1,0,2,0,0,0,-1,0
0,1,0,0,0,0,0,0
0,1,0,1,0,0,0,0
0,1,3,1,0,0,2,0
0,0,2,1,0,0,-1,0
1,1,0,1,0,0,2,0
0,1,0,0,0,0,0,0
1,1,0,0,0,0,0,0
0,1,0,0,0,0,0,0
0,0,0,1,0,0,0,0
1,1,0,0,0,0,0,0
0,0,0,1,0,0,0,0
0,1,0,1,0,0,0,0
1,1,0,0,0,0,1,0
1,0,0,1,0,0,0,0
0,1,0,1,0,0,1,0
0,1,0,0,0,0,0,0
0,0,2,1,0,0,-1,0
1,1,0,1,0,0,2,0
1,1,0,0,0,0,1,0
0,0,0,1,0,0,0,0
1,1,0,1,1,0,0,0
1,1,0,1,0,0,0,0
0,1,0,1,0,0,1,0
1,0,2,1,0,0,-1,0
0,0,2,1,0,0,-1,0
0,0,2,1,0,0,-1,0
1,1,0,1,1,0,1,0
0,0,0,1,0,0,-1,0
1,1,0,0,0,0,-1,0
0,1,0,0,0,0,0,0
1,1,0,1,0,0,2,0
0,0,2,0,0,0,-1,0
0,0,0,0,0,0,0,0
0,1,0,0,0,0,2,0
0,1,0,1,0,0,-1,0
1,1,1,1,0,0,1,0
0,0,2,1,0,0,-1,0
1,0,1,0,0,0,0,0
0,0,0,1,0,0,0,0
0,1,0,0,0,0,0,0
0,0,0,0,0,0,0,0
1,1,0,1,0,0,1,0
0,1,0,0,0,0,-1,0
0,0,0,0,0,0,0,0
0,0,2,1,0,0,-1,0
1,1,0,0,0,0,0,0
0,1,0,1,0,0,0,0
0,0,0,0,0,0,0,0
0,1,0,0,0,0,1,0
0,0,0,1,0,0,0,0
1,1,0,0,0,0,0,0
0,0,0,1,0,0,-1,0
0,0,2,1,0,0,-1,0
0,1,0,0,0,0,0,0
0,0,0,0,0,0,0,0
0,1,0,0,0,0,0,0
1,1,0,0,1,0,2,0
0,0,0,1,0,0,0,0
0,0,1,1,0,0,0,0
0,1,0,0,0,0,0,0
0,1,0,1,0,0,0,0
1,0,0,1,0,0,0,0
1,1,0,0,0,0,0,0
0,1,0,1,0,0,2,0
0,0,0,0,0,0,0,0
0,0,0,1,0,0,0,0
0,0,2,1,0,0,-1,0
0,1,0,1,0,0,0,0
1,1,0,1,0,0,0,0
0,0,0,0,0,0,-1,0
0,1,0,1,0,0,0,0
0,1,0,1,0,0,1,0
0,1,0,0,0,0,0,0
0,1,0,1,0,0,-1,0
0,1,0,1,0,0,1,0
0,1,0,0,0,0,0,0
1,1,0,1,0,0,0,0
0,0,0,0,0,0,0,0
0,1,0,0,0,0,0,0
0,1,0,1,0,0,0,0
0,0,0,1,0,0,0,0
0,1,0,1,0,0,0,0
1,0,0,1,0,0,0,0
0,1,0,1,0,0,0,0
0,0,0,1,0,0,0,0
0,1,0,0,0,0,0,0
1,0,0,0,0,0,-1,0
1,1,0,1,0,0,1,0
1,1,0,0,0,0,1,0
1,0,0,0,0,0,0,0
0,0,0,1,0,0,0,0
0,0,0,0,0,0,0,0
0,0,2,0,0,0,-1,0
1,1,0,0,0,0,0,0
1,1,0,1,0,0,0,0
1,1,0,0,0,0,0,0
1,0,0,1,0,0,-1,0
1,1,0,0,0,0,1,0
0,0,0,1,0,0,0,0
0,0,0,1,0,0,-1,0
1,1,0,0,0,0,0,0
0,0,0,0,0,0,0,0
1,1,0,0,0,0,0,0
0,1,0,1,0,0,2,0
0,0,0,1,0,0,0,0
0,0,0,0,0,0,0,0
0,1,0,0,0,0,0,0
0,0,2,0,0,0,-1,0
0,0,2,1,0,0,-1,0
1,1,0,0,0,0,1,0
0,0,2,0,0,0,-1,0
0,0,2,1,0,0,-1,0
0,1,0,1,0,0,0,0
0,1,0,0,0,0,0,0
0,1,0,0,0,0,-1,0
0,1,0,1,0,0,0,0
0,1,0,0,0,0,0,0
0,0,0,0,0,0,-1,0
0,0,0,0,0,0,-1,0
1,0,0,1,0,0,-1,0
0,1,0,0,0,0,2,0
1,0,2,0,0,0,-1,0
0,0,0,0,0,0,0,0
0,1,0,1,0,0,0,0
0,0,2,1,0,0,-1,0
0,1,0,1,0,0,0,0
1,1,0,0,0,0,-1,0
0,0,0,0,0,0,0,0
0,0,2,0,0,0,-1,0
1,0,0,0,0,0,0,0
0,0,0,0,0,0,0,0
0,1,0,1,0,0,0,0
0,1,0,0,0,0,0,0
1,0,2,1,0,0,-1,0
1,1,0,0,0,0,1,0
0,1,0,1,0,0,0,0
1,1,0,1,0,0,1,0
1,1,0,1,0,0,0,0
1,0,0,1,0,0,-1,0
0,1,1,1,0,0,1,0
1,1,0,1,0,0,2,0
1,0,2,0,0,0,-1,0
0,1,0,1,0,0,0,0
1,1,0,1,0,0,1,0
0,0,0,0,0,0,0,0
0,0,0,1,0,0,0,0
1,0,2,1,0,0,-1,0
0,0,0,1,0,0,0,0
0,0,0,1,0,0,0,0
1,0,0,1,0,0,-1,0
1,0,2,0,0,0,-1,0
0,1,0,1,0,0,1,0
0,1,0,1,0,0,0,0
0,1,0,0,0,0,0,0
1,0,2,1,0,0,-1,0
0,1,0,1,0,0,0,0
0,1,0,1,0,0,0,0
0,1,0,0,0,0,0,0
1,0,2,1,0,0,-1,0
0,0,0,0,0,0,0,0
0,1,0,1,0,0,1,0
0,0,2,0,0,0,-1,0
1,1,0,1,0,0,0,0
1,1,0,1,0,0,0,0
1,0,2,0,0,0,-1,0
0,1,0,1,0,0,0,0
0,1,0,0,0,0,0,0
0,1,0,1,0,0,0,0
1,1,0,1,0,0,0,0
0,1,0,1,0,0,2,0
0,0,2,0,0,0,-1,0
0,0,0,1,0,0,-1,0
0,1,0,1,0,0,0,0
1,0,0,0,0,0,-1,0
0,0,0,1,0,0,0,0
1,1,0,0,0,0,1,0
0,1,0,0,0,0,0,0
0,1,0,0,0,0,-1,0
0,1,0,0,0,0,0,0
0,1,0,1,0,0,0,0
0,1,1,1,0,0,0,0
0,0,0,1,0,0,0,0
1,1,0,0,0,0,0,0
1,1,0,1,0,0,0,0
0,1,1,0,0,0,0,0
1,1,0,0,0,0,0,0
1,0,2,1,0,0,-1,0
0,1,0,0,0,0,1,0
0,1,1,1,0,0,0,0
0,1,0,0,0,0,0,0
0,0,0,1,0,0,0,0
0,1,0,0,0,0,0,0
0,1,0,1,0,0,1,0
0,1,1,0,0,0,1,0
1,1,0,0,0,0,0,0
0,1,0,1,0,0,0,0
1,1,0,0,0,0,0,0
1,1,0,1,0,0,1,0
0,0,0,0,0,0,0,0
0,0,0,1,0,0,0,0
1,1,0,1,0,0,0,0
1,1,1,0,0,0,1,0
1,0,2,0,0,0,-1,0
0,1,0,1,0,0,0,0
0,1,1,1,0,0,0,0
0,0,0,1,0,0,0,0
1,1,0,0,0,0,1,0
1,1,0,0,0,0,0,0
0,1,0,0,0,0,0,0
0,0,0,1,0,0,0,0
0,1,0,1,0,0,1,0
0,1,0,1,0,0,1,0
1,0,2,1,0,0,-1,0
1,1,0,0,0,0,-1,0
1,0,0,1,0,0,0,0
1,0,2,0,0,0,-1,0
0,1,0,1,0,0,0,0
0,0,0,0,0,0,-1,0
1,0,0,1,0,0,-1,0
1,0,0,1,0,0,2,0
0,1,0,0,0,0,0,0
0,1,0,1,0,0,0,0
1,1,0,0,0,0,0,0
0,1,0,0,1,0,0,0
0,1,3,1,0,0,2,0
0,0,2,0,0,0,-1,0
0,1,1,0,0,0,-1,0
0,0,0,0,0,0,-1,0
1,1,0,0,0,0,0,0
1,1,0,0,0,0,1,0
0,0,0,1,0,0,-1,0
0,1,0,0,0,0,0,0
1,1,0,0,0,0,1,0
1,0,0,0,0,0,-1,0
0,1,0,1,0,0,-1,0
0,0,0,1,0,0,0,0
0,0,0,0,0,0,0,0
0,1,0,0,0,0,0,0
0,1,0,1,0,0,0,0
0,1,0,0,0,0,0,0
0,1,0,0,0,0,1,0
0,1,1,1,0,0,0,0
1,0,0,1,0,0,0,0
1,1,0,1,0,0,-1,0
1,1,0,1,0,0,0,0
0,1,0,0,0,0,0,0
0,1,1,1,0,0,1,0
1,1,0,0,0,0,0,0
0,0,2,1,0,0,-1,0
0,1,0,1,0,0,0,0
0,1,0,0,0,0,0,0
0,1,0,1,0,0,0,0
0,0,0,1,0,0,0,0
1,1,0,1,0,0,0,0
1,0,3,0,0,0,0,0
1,1,0,0,0,0,1,0
1,1,0,1,0,0,2,0
0,1,3,0,0,0,2,0
1,1,0,1,0,0,2,0
0,0,0,1,0,0,-1,0
1,1,0,1,0,0,1,0
0,1,0,0,0,0,0,0
1,1,0,0,1,0,0,0
1,1,0,0,0,0,0,0
1,0,0,0,0,0,0,0
0,1,3,1,0,0,0,0
0,0,0,0,0,0,0,0
0,0,1,0,0,0,0,0
1,1,0,0,0,0,1,0
0,1,0,0,0,0,0,0
0,1,1,0,0,0,1,0
1,1,0,1,0,0,0,0
0,1,0,1,1,0,2,0
0,0,0,0,0,0,0,0
1,1,0,1,0,0,1,0
0,1,0,1,0,0,0,0
1,1,0,0,0,0,1,0
0,0,2,1,0,0,-1,0
0,1,0,1,0,0,1,0
0,1,0,1,0,0,0,0
0,1,0,0,0,0,0,0
1,1,0,1,0,0,-1,0
1,1,0,1,0,0,1,0
0,1,0,0,0,0,-1,0
1,1,0,0,1,0,0,0
1,0,2,1,0,0,-1,0
0,1,0,1,0,0,0,0
0,1,1,1,0,0,0,0
1,1,0,1,0,1,1,0
0,1,0,1,0,0,-1,0
1,1,0,0,0,0,1,0
1,0,2,1,0,0,-1,0
0,0,0,1,0,0,0,0
0,1,0,0,0,0,0,0
1,0,2,1,0,0,-1,0
0,1,1,1,0,0,0,0
0,0,0,1,0,0,0,0
1,1,0,0,0,0,2,0
1,0,2,1,0,0,-1,0
1,0,0,1,0,0,0,0
1,0,2,1,0,0,-1,0
0,0,0,1,0,0,0,0
0,0,2,0,0,0,-1,0
1,1,0,1,0,0,1,0
0,1,1,1,0,0,1,0
0,0,1,1,0,0,0,0
0,1,3,0,0,0,1,0
0,1,0,0,0,0,1,0
0,1,0,1,0,0,0,0
0,1,1,1,0,0,0,0
0,1,0,0,0,0,0,0
1,0,2,0,0,0,-1,0
0,0,2,1,0,0,-1,0
1,1,0,0,0,0,0,0
0,0,2,1,0,0,-1,0
0,1,0,1,0,0,0,0
0,1,0,1,0,0,0,0
0,0,2,1,0,0,-1,0
1,0,2,1,0,0,-1,0
1,0,2,0,0,0,-1,0
0,1,0,1,0,0,0,0
0,0,3,0,0,0,2,0
1,1,0,0,0,0,1,0
1,1,0,0,0,0,0,0
1,1,0,0,0,0,0,0
1,1,0,1,0,0,0,0
0,1,0,1,0,0,0,0
0,1,0,0,0,0,0,0
0,0,2,1,0,0,-1,0
1,0,2,0,0,0,-1,0
0,0,0,1,0,0,0,0
1,1,0,0,0,0,0,0
0,1,1,1,0,0,0,0
0,0,0,1,0,0,0,0
1,1,0,1,0,0,2,0
1,0,0,0,0,0,0,0
1,0,2,1,0,0,-1,0
0,0,0,1,0,0,0,0
1,1,0,1,0,0,1,0
0,1,3,1,0,0,0,0
1,0,2,0,0,0,-1,0
1,1,0,1,0,0,2,0
0,1,0,1,0,0,0,0
0,1,0,0,0,0,-1,0
0,0,0,1,0,0,0,0
1,1,0,1,0,0,0,0
1,1,0,1,0,0,-1,0
0,0,0,1,0,0,0,0
0,1,0,1,0,0,0,0
1,1,0,1,0,0,0,0
0,1,0,0,0,0,0,0
0,1,1,0,0,0,-1,0
1,1,0,1,0,0,0,0
0,1,0,0,0,0,0,0
1,0,0,1,0,0,0,0
0,1,0,1,0,0,2,0
1,0,2,0,0,0,-1,0
1,0,2,0,0,0,-1,0
1,1,0,1,0,0,0,0
1,1,0,0,0,0,0,0
1,1,0,1,0,0,-1,0
1,0,0,1,0,0,0,0
1,0,2,1,0,0,-1,0
1,1,1,1,0,0,0,0
0,0,0,0,0,0,-1,0
0,1,0,0,0,0,-1,0
0,1,0,0,0,0,-1,0
0,1,0,0,0,0,0,0
0,0,0,1,0,0,0,0
0,1,0,1,0,0,2,0
1,1,0,0,0,0,0,0
0,1,0,1,0,0,0,0
0,1,1,1,0,0,0,0
0,1,1,0,0,0,0,0
0,0,0,1,0,0,0,0
0,1,3,1,0,0,1,0
1,0,0,0,0,0,0,0
0,1,0,0,0,0,0,0
1,0,2,0,0,0,-1,0
0,1,1,1,0,0,0,0
0,1,0,0,0,0,2,0
0,1,0,1,0,0,0,0
1,1,0,1,0,0,0,0
0,0,0,1,0,0,0,0
0,0,0,1,0,0,0,0
0,1,0,0,0,0,0,0
0,1,0,0,0,0,0,0
1,1,0,1,0,0,1,0
0,0,2,1,0,0,-1,0
0,1,0,1,0,0,0,0
1,0,2,1,0,0,-1,0
0,1,0,0,0,0,0,0
0,1,0,0,0,0,0,0
0,1,3,1,0,0,2,0
0,1,0,1,0,0,0,0
1,1,0,1,0,0,0,0
0,0,0,1,0,0,0,0
0,1,0,1,0,0,0,0
0,1,1,1,0,0,0,0
0,0,0,1,0,0,-1,0
1,0,0,1,0,0,-1,0
1,1,0,0,0,0,0,0
0,1,0,1,0,0,0,0
0,0,2,0,0,0,-1,0
0,1,0,0,0,0,0,0
0,1,0,0,0,0,0,0
0,1,0,0,0,0,0,0
1,0,0,0,0,0,-1,0
0,0,0,1,0,0,0,0
0,1,0,1,0,0,0,0
0,0,2,1,0,0,-1,0
0,1,1,1,0,0,0,0
0,0,0,0,0,0,0,0
1,0,0,1,0,0,-1,0
1,0,0,1,0,0,-1,0
1,1,0,0,0,1,0,0
0,1,0,0,0,0,0,0
0,1,0,0,0,0,0,0
1,1,1,1,0,0,1,0
1,0,2,1,0,0,-1,0
0,1,0,0,0,0,0,0
1,1,0,1,0,0,1,0
0,0,2,1,0,0,-1,0
0,1,0,1,0,0,2,0
