id,gender,signup_method,signup_flow,language,affiliate_channel,affiliate_provider,first_affiliate_tracked,signup_app,first_device_type,first_browser,country_destination,action_type,device_type
69,1,0,0,0,0,0,0,0,1,4,0,3,3
122,1,0,0,0,0,0,0,0,0,1,0,0,2
122,1,1,0,0,0,0,1,0,0,1,2,4,2
116,3,0,0,0,0,0,0,0,0,0,0,0,3
122,1,0,0,0,0,0,0,0,1,4,1,4,3
113,1,1,0,0,0,0,2,0,0,1,0,0,2
93,1,1,0,0,1,1,2,0,0,0,0,0,2
82,3,0,0,0,0,0,1,0,0,1,0,4,2
46,0,1,0,0,3,1,2,0,1,4,0,4,3
18,1,0,0,0,0,0,0,0,1,0,1,0,3
99,0,1,0,0,0,0,3,0,0,0,0,4,2
21,1,0,0,0,1,1,0,0,0,1,0,1,2
138,0,1,0,0,0,0,0,0,1,4,0,0,3
133,1,0,0,0,0,0,1,0,1,2,2,1,2
72,1,0,0,0,1,1,2,0,0,0,1,4,2
53,3,0,0,0,1,1,2,0,0,2,0,4,2
29,1,0,0,0,1,1,2,0,3,2,0,4,2
66,0,0,0,0,1,1,2,0,0,0,0,1,2
4,3,0,0,0,1,1,2,0,1,3,0,1,3
128,0,0,0,0,0,0,0,0,0,0,0,4,2
60,1,0,0,0,0,0,0,0,1,2,2,0,3
116,0,1,0,0,1,1,2,0,1,0,0,1,3
121,0,0,0,0,1,1,2,0,2,3,0,0,2
19,1,0,0,0,0,0,0,0,1,2,1,0,3
67,1,0,0,0,1,1,2,0,1,0,1,3,3
98,3,0,0,0,0,0,0,0,0,1,0,3,2
79,0,0,0,0,0,0,0,0,0,0,0,0,2
115,3,0,0,0,0,0,1,0,0,1,0,0,2
70,1,0,0,0,2,1,2,0,1,0,0,1,3
28,0,0,0,0,2,1,2,0,1,4,0,0,3
15,1,0,0,0,0,0,0,0,1,0,1,4,3
114,1,1,0,0,0,0,0,1,0,1,0,0,2
9,0,0,0,0,1,1,2,0,0,0,0,0,2
67,1,0,0,0,0,0,1,0,0,1,0,0,2
85,3,0,0,0,0,0,0,0,0,3,0,3,1
30,1,0,0,0,0,0,0,0,2,3,0,2,0
149,1,0,25,0,0,0,0,1,0,0,0,4,0
93,0,0,0,0,1,1,2,0,0,0,0,3,2
129,0,1,0,0,0,0,1,0,1,4,0,4,3
58,3,0,0,0,0,0,0,0,0,2,0,0,3
12,1,0,0,0,0,0,1,0,0,2,0,4,2
3,0,0,0,0,2,1,2,0,1,0,0,0,3
139,3,0,0,0,0,0,1,0,0,2,0,0,2
40,1,0,0,0,0,0,0,0,1,2,0,4,3
48,1,0,0,0,1,1,2,0,0,2,1,4,6
77,1,1,0,0,0,0,0,0,1,4,0,2,3
55,1,0,0,0,3,1,0,0,1,0,0,3,3
32,1,0,0,0,3,8,1,0,0,0,0,0,2
17,0,1,0,0,0,0,0,0,1,3,0,4,3
60,3,0,0,0,0,0,0,0,0,2,0,4,2
7,0,1,0,0,1,1,2,0,3,3,0,0,1
140,1,0,0,0,0,0,1,0,0,1,0,1,2
103,0,1,0,0,0,0,3,0,0,1,0,1,2
15,0,0,0,0,1,1,2,0,1,0,0,1,3
137,1,0,0,0,0,0,0,0,1,0,1,0,3
84,1,1,12,0,4,2,2,2,0,1,0,4,6
126,1,1,0,0,7,0,2,0,0,1,0,4,2
14,1,0,0,0,0,0,1,0,0,1,0,4,2
92,1,0,0,0,1,1,2,0,0,2,0,0,2
115,1,0,0,0,1,1,2,0,0,2,0,4,2
56,0,0,0,0,1,1,2,0,0,0,0,4,2
61,1,0,0,0,0,0,1,0,0,2,0,4,2
38,0,0,0,0,1,1,0,0,1,2,0,2,2
85,1,1,0,0,0,0,1,0,0,1,2,4,2
107,1,1,0,0,3,1,3,0,0,0,0,1,2
23,1,0,0,0,0,0,0,0,1,2,2,4,6
40,0,0,0,0,1,1,2,0,1,2,1,4,6
108,0,0,0,0,1,1,2,0,0,2,0,0,2
65,3,0,0,0,0,0,0,0,0,2,0,3,2
137,1,0,0,0,0,0,0,0,1,0,0,1,3
118,0,0,0,0,0,0,1,0,0,1,0,3,2
77,0,0,0,0,0,0,0,0,0,2,0,7,2
64,0,0,0,0,2,4,2,0,1,0,1,0,3
106,1,1,25,0,0,0,0,1,2,1,0,4,2
55,0,0,0,0,1,1,2,0,1,0,0,4,3
76,1,0,0,0,2,1,2,0,1,0,0,3,3
103,1,0,12,0,1,1,2,3,4,2,1,4,4
31,0,1,0,0,1,2,1,0,1,0,0,4,3
103,0,1,0,0,1,1,2,0,1,0,0,4,3
40,0,0,0,0,2,1,2,0,1,0,0,1,3
68,0,1,0,0,0,0,1,0,1,4,5,0,3
99,0,0,0,0,0,0,1,0,0,1,9,1,2
5,1,0,0,0,1,1,0,0,0,1,0,0,2
146,0,1,0,0,7,1,1,0,1,0,0,1,3
117,0,0,0,0,0,0,0,0,1,0,1,1,3
59,0,0,0,0,0,0,1,0,1,0,0,0,3
69,0,1,0,0,0,0,2,0,1,0,0,1,3
119,1,0,0,0,0,0,1,0,0,1,0,0,2
6,1,0,25,0,0,0,0,1,5,6,0,4,6
65,0,0,0,0,1,1,2,0,0,0,0,3,2
134,1,0,0,0,0,0,0,0,0,0,0,0,2
38,0,0,0,0,0,0,1,0,0,1,0,3,2
122,3,0,0,0,0,0,0,0,0,1,0,4,2
63,3,0,0,0,0,0,0,0,0,1,0,4,2
128,1,0,0,0,0,0,0,0,1,0,1,2,3
131,0,1,0,0,3,5,3,0,0,0,0,1,2
114,3,0,0,0,0,0,0,0,0,1,0,2,2
135,0,0,0,0,0,0,1,0,0,0,0,0,2
18,1,0,0,0,0,0,1,0,0,1,0,4,2
63,1,1,0,0,0,0,0,0,1,4,1,0,3
25,3,0,0,0,1,1,2,0,3,3,0,0,1
76,1,0,0,0,1,1,2,0,0,0,0,0,2
60,0,0,0,0,0,0,0,0,1,2,0,4,3
13,1,1,12,0,4,2,0,2,2,6,0,4,6
14,1,1,0,0,0,0,1,0,0,1,0,4,2
82,1,0,0,0,0,0,0,0,1,4,0,0,3
110,0,0,0,0,0,0,0,0,1,0,0,3,3
140,0,1,0,0,0,0,1,0,1,0,0,3,3
11,1,0,0,0,0,0,1,0,0,0,0,4,2
146,0,1,0,5,0,0,0,0,1,4,0,0,3
98,1,0,0,0,1,1,2,0,0,1,0,0,2
58,0,0,0,0,2,1,2,0,1,0,0,4,3
44,0,0,0,0,1,1,2,0,1,3,0,3,3
45,0,0,0,0,0,0,1,0,1,0,0,1,0
52,0,0,0,0,0,0,1,0,1,4,2,1,3
96,3,0,0,4,1,1,2,0,1,2,0,0,3
68,1,0,0,0,2,1,2,0,1,0,0,1,3
106,1,0,0,0,0,0,0,0,1,4,1,0,3
24,0,0,0,0,2,1,2,0,1,0,0,1,3
66,1,0,0,0,2,1,2,0,0,2,0,1,2
133,1,0,0,0,0,0,1,0,0,2,0,2,2
82,1,1,12,0,4,2,0,3,4,5,1,4,4
43,0,0,0,0,2,1,2,0,1,4,0,2,3
11,1,0,0,0,1,1,2,0,0,1,0,4,2
149,0,0,0,0,0,0,0,0,0,0,0,2,2
73,0,0,0,0,3,5,0,0,0,1,0,0,2
67,0,1,0,0,0,0,0,0,1,4,1,1,3
89,3,0,0,0,1,1,2,0,0,1,4,4,2
10,0,0,0,0,2,1,2,0,1,4,0,4,3
86,0,0,0,0,0,0,1,0,1,4,0,0,3
3,0,1,12,0,0,2,0,2,2,6,1,4,6
75,0,1,0,0,0,0,2,0,1,4,5,1,3
141,0,1,12,0,4,2,0,0,7,3,0,4,7
118,1,1,0,0,0,0,3,0,0,1,0,1,2
88,1,1,0,0,0,0,1,0,3,3,0,1,1
118,3,0,0,0,0,0,0,0,1,10,0,3,3
36,1,0,0,0,1,1,0,0,1,0,1,4,3
119,0,0,0,0,0,0,0,0,1,4,0,4,3
12,0,0,0,0,1,1,2,0,1,0,0,0,3
43,3,0,0,4,1,1,2,0,0,2,0,3,2
140,3,0,0,0,0,0,1,0,0,1,0,0,2
16,0,0,0,0,0,0,1,0,0,0,0,4,2
108,3,0,0,0,0,0,0,0,0,1,0,0,2
100,1,1,0,0,0,0,3,0,0,1,0,4,2
56,1,0,0,0,0,0,1,0,0,2,0,4,2
79,1,1,12,0,4,2,0,2,0,6,1,4,6
12,0,0,0,0,0,0,1,0,0,0,0,3,2
139,1,1,25,0,0,0,0,1,2,3,0,0,0
68,3,0,0,0,0,0,1,0,0,1,0,0,2
12,1,1,0,0,0,0,0,0,3,3,0,2,1
14,3,0,0,0,0,0,0,0,0,1,0,4,2
103,1,0,0,0,0,0,0,0,0,1,0,1,2
115,1,1,0,0,0,0,3,0,0,0,0,1,2
111,1,0,0,0,0,0,0,0,0,1,0,2,2
96,1,1,0,0,2,1,2,0,0,1,0,4,2
114,0,0,0,0,1,1,2,0,0,0,0,4,2
23,0,0,0,0,1,1,2,0,1,0,0,1,3
62,1,0,0,0,2,1,1,0,1,0,0,0,3
42,0,1,0,0,0,0,0,0,1,0,0,3,3
15,0,0,0,0,2,1,2,0,1,0,0,3,3
125,0,0,0,0,0,0,0,0,0,0,0,4,2
9,1,0,25,0,0,0,1,1,0,1,2,4,2
139,1,0,0,0,0,0,1,0,0,1,0,4,2
22,0,0,0,0,1,5,0,0,0,0,0,0,2
81,1,0,0,0,0,1,2,0,0,0,0,0,2
66,1,0,0,0,0,0,0,0,1,2,1,4,3
66,0,1,0,0,0,0,2,0,1,4,5,4,3
145,1,0,0,0,0,0,0,1,0,1,0,0,2
75,1,1,0,0,0,0,0,0,1,4,1,0,3
128,0,0,0,0,0,0,0,0,0,0,0,4,2
71,0,1,0,0,0,0,0,0,1,4,0,3,3
23,1,0,0,0,0,0,1,0,3,3,0,0,1
80,0,1,0,0,0,0,0,0,1,2,0,0,3
70,0,1,0,0,0,0,0,0,1,4,5,0,3
147,1,0,0,0,2,1,2,0,1,0,0,0,3
4,0,0,0,0,1,1,2,0,1,4,0,3,3
40,1,0,0,0,3,0,1,0,0,2,0,2,2
95,0,0,0,4,2,1,2,0,1,2,0,4,3
106,1,0,0,0,1,1,2,0,0,1,0,0,2
142,3,0,0,0,0,0,1,0,0,2,0,1,2
14,1,0,0,0,0,0,3,0,0,0,0,4,2
132,1,0,0,0,0,0,0,0,0,1,0,0,2
129,1,0,0,0,0,0,0,1,0,0,0,0,2
131,3,0,0,0,0,0,0,0,0,2,0,0,2
145,0,0,0,0,0,0,0,0,0,0,0,0,2
109,0,0,0,0,1,1,2,0,1,0,0,3,3
134,1,1,0,0,0,2,0,0,1,0,0,4,3
138,1,0,0,0,0,0,1,0,0,1,0,0,2
55,0,0,0,0,2,4,1,0,1,4,0,0,3
24,0,0,0,0,1,1,2,0,0,0,0,4,2
145,0,1,0,0,0,0,0,0,0,1,0,0,2
142,3,0,0,0,0,0,0,0,0,1,0,0,2
27,1,1,12,0,4,2,0,1,2,3,0,0,0
52,1,0,0,0,0,0,1,0,0,2,0,3,2
84,1,0,0,0,2,1,2,0,0,0,0,4,2
29,0,0,0,0,1,1,2,0,1,2,0,1,3
91,1,1,0,0,0,0,0,0,0,0,1,0,2
73,3,0,0,0,0,0,1,0,0,2,0,2,2
66,0,0,0,0,0,0,1,0,0,0,0,4,2
120,0,0,0,0,0,0,0,0,0,0,0,1,2
2,1,0,0,0,0,0,0,1,5,0,1,4,6
134,0,0,0,0,0,0,0,0,0,0,0,4,2
146,1,0,0,0,0,0,1,0,1,4,0,0,3
21,0,0,0,0,1,1,1,0,0,0,0,4,2
19,0,0,0,0,1,1,2,0,0,0,0,4,2
80,3,0,0,0,0,0,0,0,0,1,0,0,2
17,0,0,0,0,3,1,1,0,3,3,0,1,0
41,1,0,0,0,0,0,0,0,1,0,0,4,2
12,0,0,0,0,1,1,2,0,1,0,0,1,3
92,1,1,0,0,0,0,0,0,0,0,0,1,2
19,0,0,0,0,2,1,2,0,1,0,0,1,3
146,1,0,0,0,0,0,1,0,1,0,1,1,3
79,1,0,0,0,3,1,1,0,1,0,0,1,3
67,1,0,0,0,1,1,2,0,0,0,0,1,2
109,1,1,0,0,2,1,2,0,0,1,0,4,2
65,1,0,0,0,7,2,1,0,1,2,0,2,3
8,1,1,25,0,0,0,0,1,2,3,1,2,0
38,0,0,0,0,3,1,1,0,1,0,0,4,3
144,0,1,0,0,0,1,1,0,1,0,6,0,3
49,3,0,0,0,0,0,0,0,1,2,0,5,3
13,0,1,0,0,1,1,0,0,1,0,0,4,3
100,3,0,0,0,0,0,0,0,1,2,1,0,3
9,0,0,0,0,2,1,2,0,1,0,0,0,3
68,0,0,0,0,0,0,0,0,1,0,0,1,3
56,1,0,0,0,1,1,2,0,1,2,1,4,3
141,3,0,0,0,0,0,1,0,1,0,0,1,3
96,1,0,0,0,2,1,2,0,0,0,0,3,2
76,0,1,0,0,3,0,0,0,0,0,0,1,2
69,0,0,0,0,0,0,0,0,0,2,0,0,2
85,1,0,0,0,1,1,2,0,0,0,1,2,0
134,0,1,0,0,7,6,2,0,1,0,0,3,3
1,0,0,0,0,1,1,2,0,1,4,0,0,3
70,3,0,0,0,0,0,0,0,1,0,1,3,3
149,1,1,0,0,7,6,1,0,1,0,0,0,3
100,1,0,0,0,0,0,1,0,0,1,0,0,2
49,0,0,0,0,3,1,2,0,1,0,0,1,3
86,3,0,0,0,1,1,2,0,0,1,0,0,2
133,0,0,0,0,0,0,0,0,1,2,0,2,3
37,0,0,0,0,1,1,1,0,3,3,2,0,1
0,1,0,0,0,0,0,0,0,0,0,1,3,2
114,1,0,0,0,0,0,1,0,0,1,0,0,2
92,1,1,0,0,0,1,3,0,0,0,0,4,2
133,0,0,0,0,0,0,1,0,1,0,0,0,3
139,0,1,0,0,0,0,1,0,1,0,0,4,3
100,0,1,0,0,0,0,0,0,0,0,0,3,2
142,0,1,0,0,0,0,2,0,1,4,0,0,3
85,3,0,0,0,0,0,1,0,0,2,0,0,2
98,1,0,0,0,0,0,0,0,0,1,0,2,2
8,0,0,0,0,1,1,2,0,3,3,0,0,1
35,0,0,0,0,1,1,2,0,0,0,0,4,2
118,1,0,0,0,1,1,2,0,0,1,1,1,2
81,3,0,0,0,0,0,0,0,0,2,0,2,2
60,0,0,0,0,0,0,0,0,3,3,0,1,0
132,3,0,0,0,0,0,1,0,0,1,0,0,2
68,3,0,0,0,0,0,1,0,0,0,0,1,2
50,0,0,0,0,0,0,1,0,1,4,0,1,3
17,0,0,0,0,1,1,2,0,3,0,0,4,1
26,1,0,0,0,0,0,0,0,1,4,1,4,3
38,0,0,0,0,1,1,1,0,1,0,0,3,3
108,3,0,0,0,0,0,0,0,0,0,0,1,2
77,0,1,0,0,2,4,2,0,1,0,0,0,3
81,0,1,0,0,0,0,0,0,1,0,1,0,3
7,0,0,24,0,0,0,0,2,5,6,1,4,6
133,1,1,0,0,0,0,3,0,1,0,0,4,3
6,3,0,0,0,1,1,2,0,0,1,0,2,2
74,1,0,0,0,1,1,2,0,0,1,0,0,2
9,1,0,0,0,1,1,0,0,0,1,1,3,2
102,3,0,0,0,0,0,0,0,0,1,0,3,2
79,1,0,0,0,0,0,1,0,0,1,0,1,2
49,0,0,0,0,1,1,2,0,1,0,0,3,3
106,0,0,0,0,0,0,0,0,0,0,0,3,2
19,0,1,0,0,1,5,3,0,3,0,0,3,2
18,0,0,0,0,1,1,2,0,0,0,0,0,2
16,1,0,0,0,0,0,0,0,1,0,0,1,3
60,3,0,0,0,1,1,2,0,0,2,0,3,2
36,0,0,0,0,0,0,1,0,1,0,6,3,3
9,1,0,0,0,0,0,0,0,1,2,0,0,3
96,1,1,25,0,0,0,0,1,2,3,0,0,0
4,1,0,0,0,0,0,0,0,1,4,1,0,3
45,3,0,0,0,0,0,0,0,0,2,0,4,2
76,0,0,0,0,1,1,2,0,0,1,0,3,2
17,0,0,0,0,3,1,1,0,0,0,6,3,2
133,0,0,0,0,0,0,0,0,0,1,0,4,2
11,1,0,0,0,1,1,1,0,0,1,0,4,2
132,1,0,0,0,0,0,1,0,1,0,0,1,3
30,0,0,0,0,1,1,2,0,1,4,1,4,3
28,1,1,0,0,0,1,2,0,0,1,2,0,2
93,3,0,0,0,1,1,2,0,0,3,4,3,2
136,0,0,0,0,0,0,0,0,0,1,0,0,2
101,1,0,0,0,1,1,2,0,0,1,0,4,2
120,0,1,0,0,1,2,2,0,1,0,0,4,3
93,0,0,0,2,1,1,2,0,1,0,1,4,3
67,1,0,0,0,1,1,2,0,0,1,0,0,2
30,0,0,0,0,0,0,0,0,1,2,0,4,3
97,3,0,0,0,0,0,0,0,3,3,0,3,1
85,3,0,0,0,0,0,0,0,0,1,0,1,2
64,3,0,0,0,1,1,2,0,0,3,4,3,2
64,0,0,0,0,0,0,1,0,1,0,1,4,3
92,3,0,0,0,0,0,0,0,0,2,0,0,3
17,1,0,0,0,0,0,1,0,0,0,0,0,2
8,1,0,0,0,0,0,1,0,1,0,0,1,3
130,3,0,0,0,0,0,0,0,0,1,0,2,2
35,0,0,0,0,1,1,1,0,1,3,0,0,1
95,1,0,0,0,0,0,0,0,0,0,0,4,2
111,3,0,0,0,0,0,0,0,0,0,0,1,3
149,0,0,0,2,1,1,2,0,1,2,0,4,3
129,1,1,12,0,4,2,0,2,0,0,0,4,6
13,0,1,0,0,1,1,2,0,1,4,0,0,3
69,1,0,0,0,1,1,2,0,0,1,0,0,2
67,3,0,0,0,1,1,2,0,0,1,0,1,2
17,0,1,0,0,0,0,0,0,1,0,0,1,3
31,0,0,0,0,2,1,2,0,1,2,0,0,3
23,0,0,25,0,0,0,0,1,5,6,0,4,6
6,0,0,0,0,0,0,0,0,1,0,1,0,3
24,1,0,0,0,1,1,1,0,3,3,0,3,1
122,1,1,0,0,0,0,1,0,0,1,0,4,2
131,1,0,0,0,0,0,0,0,0,1,0,0,2
40,0,1,0,0,0,0,0,0,1,4,0,0,3
149,0,0,0,0,0,0,1,0,0,1,0,0,2
76,0,0,0,0,0,0,1,0,1,0,6,3,3
136,0,1,0,5,0,0,0,0,1,0,0,0,3
28,0,0,0,0,1,1,2,0,1,3,0,2,0
95,1,1,0,0,0,0,3,0,0,0,0,4,2
120,1,0,0,0,0,0,1,0,0,1,0,0,2
139,0,0,0,0,0,0,0,0,0,0,0,0,2
8,0,0,0,0,0,0,0,0,1,0,0,4,6
32,1,0,0,0,0,0,1,0,0,3,0,1,2
40,1,0,0,0,0,0,0,0,1,4,0,4,3
139,3,0,0,0,0,0,1,0,0,1,0,1,2
129,0,0,0,0,3,1,2,0,1,4,0,1,3
14,1,1,0,0,0,0,0,0,0,1,0,1,2
17,0,0,0,0,2,1,2,0,1,2,0,4,3
12,1,1,0,0,0,0,1,0,3,3,0,0,1
27,0,0,0,0,1,1,1,0,1,0,6,4,3
91,1,0,0,0,0,0,1,0,0,1,0,0,2
131,0,0,0,0,0,0,0,0,0,2,0,2,2
77,0,0,0,0,0,0,1,0,3,0,6,3,1
79,1,1,0,0,3,1,0,0,1,0,1,0,3
133,0,0,0,0,0,0,1,0,1,0,0,0,3
136,0,0,0,0,0,0,0,0,0,0,0,1,2
77,1,1,0,0,1,1,0,0,0,0,0,3,2
81,3,0,0,0,0,0,0,0,0,2,0,0,2
54,1,0,0,0,0,0,0,0,1,0,0,1,3
91,0,1,0,0,0,0,0,0,3,3,0,3,1
75,1,0,0,0,1,1,2,0,0,2,1,3,2
109,1,0,0,0,0,0,0,0,1,0,1,0,3
102,1,1,25,0,0,0,0,1,2,3,9,0,0
120,3,0,0,0,0,0,0,0,0,0,0,1,2
120,1,0,0,0,0,0,0,0,0,1,0,0,2
93,1,0,12,0,4,2,0,3,0,5,1,4,4
131,3,0,0,0,0,0,0,0,1,0,0,0,3
15,1,0,0,0,0,0,1,0,0,1,2,4,2
70,0,1,0,0,0,0,1,0,3,3,0,3,3
20,0,0,0,0,2,1,2,0,1,0,0,4,3
2,0,1,0,0,2,1,2,0,1,0,0,1,3
94,1,0,0,0,0,0,0,0,0,1,0,0,2
29,3,0,0,0,2,1,2,0,1,0,0,1,3
140,1,0,0,0,0,0,1,0,1,0,0,0,3
34,0,0,0,0,1,1,1,0,1,0,0,1,3
108,3,0,0,0,0,0,0,0,0,0,0,0,2
78,0,1,0,0,0,0,2,0,1,4,1,4,3
134,0,1,0,0,0,0,1,0,3,3,0,3,1
22,0,0,0,0,1,1,1,0,0,3,0,1,0
38,0,0,0,0,1,1,0,0,1,2,1,4,6
15,0,0,0,0,2,1,2,0,1,0,0,0,3
100,3,0,0,0,0,0,0,0,0,2,0,2,2
92,0,1,0,0,0,0,0,0,1,0,1,2,3
138,1,1,0,0,0,0,3,0,0,1,0,2,2
61,3,0,0,0,0,0,0,0,1,4,1,1,3
30,1,0,0,0,0,0,0,0,3,3,0,3,1
56,1,0,0,0,1,1,2,0,0,0,0,0,2
38,0,0,0,0,0,0,1,0,7,0,6,4,7
117,3,0,25,0,0,0,0,1,0,1,0,2,2
16,0,0,0,0,0,0,0,0,1,4,0,1,3
0,0,0,0,0,3,1,1,0,1,0,0,1,3
122,3,0,0,0,0,0,1,0,0,1,0,0,2
22,1,0,0,0,0,0,1,0,0,1,0,0,2
78,1,1,0,0,0,0,0,0,0,1,0,0,2
128,0,1,0,0,0,0,0,0,1,0,0,1,3
56,0,0,0,0,0,0,0,0,1,2,0,4,3
18,1,0,0,0,0,0,1,0,1,0,1,1,3
8,0,0,12,0,4,2,1,3,4,5,0,4,4
29,1,0,0,0,0,0,1,0,1,0,0,4,2
103,0,0,0,4,2,1,2,0,1,2,0,0,3
11,0,0,0,0,2,1,2,0,1,0,0,1,3
105,1,0,0,0,5,1,3,0,2,1,4,3,2
27,1,0,0,0,7,8,1,0,0,2,2,0,2
20,1,0,0,0,0,0,1,0,0,0,0,0,2
98,0,0,0,0,0,0,0,0,1,0,0,1,3
130,0,1,0,0,0,0,1,0,1,0,0,1,3
105,0,0,0,0,0,0,0,0,0,0,0,3,2
72,0,1,0,0,0,0,2,0,1,4,5,1,3
7,1,1,0,0,4,2,1,0,3,3,0,4,1
15,3,0,0,0,1,1,2,0,0,2,2,3,2
99,1,0,0,0,0,0,1,0,0,1,0,0,2
43,0,0,0,0,0,0,0,0,3,3,0,1,0
3,0,0,0,2,1,1,2,0,1,2,0,4,3
20,1,0,0,0,0,0,0,0,1,4,0,0,3
104,1,0,0,0,1,1,2,0,0,1,1,1,2
39,1,0,0,0,7,1,2,0,1,0,0,1,3
110,1,0,12,0,4,1,2,0,1,2,1,4,4
67,1,0,0,0,7,1,1,0,3,3,0,1,0
96,1,0,0,0,0,0,1,0,0,1,0,2,2
53,1,0,0,0,0,0,1,0,0,2,0,4,2
121,1,0,0,0,0,0,0,0,0,0,0,2,2
94,3,0,0,0,0,0,0,0,0,0,0,0,3
33,0,0,0,0,0,0,1,0,0,0,0,4,2
80,1,0,0,0,0,0,1,0,0,1,0,4,2
43,0,0,0,0,0,0,1,0,0,2,0,4,2
64,1,0,0,0,7,1,1,0,1,0,0,1,3
76,0,0,0,0,0,0,1,0,1,0,0,1,3
127,1,1,0,0,0,0,0,0,0,1,0,0,2
121,3,0,0,0,0,0,0,0,0,2,0,2,2
15,1,0,0,0,0,0,0,0,0,0,0,0,2
145,0,1,0,0,2,1,2,0,1,0,0,4,3
81,0,1,0,0,0,0,2,0,3,3,5,1,1
22,0,0,0,0,1,1,2,0,1,0,0,1,3
88,0,0,0,0,0,0,0,0,0,2,0,2,2
80,1,0,0,0,0,0,1,0,0,1,0,0,2
69,1,1,0,0,0,0,0,0,1,0,1,3,3
17,3,0,0,0,1,1,2,0,0,1,0,0,2
92,1,1,0,0,1,1,2,0,1,0,1,2,3
25,1,1,0,0,0,0,3,0,0,0,0,0,2
18,1,0,0,0,1,1,2,0,0,1,0,4,2
16,0,0,0,0,1,1,2,0,0,0,0,4,2
26,0,0,0,0,2,1,2,0,1,0,0,3,3
55,1,0,0,0,7,1,1,0,1,0,0,1,3
133,1,1,12,0,4,2,0,1,1,0,0,4,6
111,0,0,0,0,0,0,0,0,1,0,0,3,2
22,0,1,0,0,0,0,1,0,3,3,0,1,0
45,1,0,25,0,0,0,0,0,6,10,0,0,8
138,0,0,0,0,0,0,0,0,0,1,0,4,2
104,3,0,0,0,0,0,1,0,0,1,0,0,2
47,1,0,0,0,0,0,1,0,1,2,0,4,2
0,1,0,0,0,1,1,0,0,0,1,0,0,2
22,0,0,0,0,3,5,0,0,1,0,0,4,3
9,1,0,0,0,0,0,1,0,0,2,2,4,2
125,1,1,0,0,0,0,1,0,0,0,0,0,2
6,1,0,0,0,3,1,1,0,1,0,0,4,6
61,0,1,0,0,0,0,0,0,1,4,0,3,3
28,0,0,0,0,1,1,2,0,1,0,1,1,3
19,1,0,0,0,7,1,1,0,0,0,0,1,2
67,1,0,0,0,0,0,1,0,1,4,0,0,3
115,0,0,0,0,1,1,2,0,1,0,0,1,3
149,0,1,12,0,4,2,0,2,0,1,0,4,6
4,1,0,0,0,0,0,1,0,0,0,1,4,6
127,3,0,0,0,5,1,2,0,2,3,4,0,2
102,3,0,0,0,0,0,0,0,1,2,0,1,1
126,1,1,0,0,0,0,0,0,1,0,1,4,3
121,1,0,0,0,0,0,1,0,0,1,0,4,2
99,3,0,0,0,0,0,0,0,0,2,0,4,2
60,0,0,0,0,1,1,2,0,0,0,0,0,2
134,0,0,0,2,1,1,2,0,1,2,0,4,3
137,1,0,0,0,0,0,1,0,0,1,0,1,2
83,1,0,0,0,1,1,2,0,0,1,0,1,2
138,0,0,0,0,0,0,0,0,1,4,1,4,3
143,0,0,0,0,0,0,0,0,0,1,0,4,2
112,3,0,0,0,0,0,1,0,0,2,0,3,2
27,0,0,0,0,1,1,0,0,1,2,1,4,6
78,3,0,0,0,5,1,3,0,2,3,4,1,2
45,1,1,0,0,0,0,1,0,0,1,0,1,2
80,1,0,0,0,1,1,2,0,2,1,0,4,2
55,0,0,0,0,0,0,0,0,2,3,0,4,0
130,0,1,0,0,0,0,0,0,1,0,0,4,3
0,0,1,0,0,0,0,1,0,3,3,0,3,1
61,1,0,0,0,0,0,1,0,1,2,0,0,3
100,1,0,12,0,4,2,2,0,2,2,1,1,2
123,3,0,0,0,0,0,0,0,0,2,0,3,2
40,1,0,0,0,0,0,1,0,0,2,0,0,2
134,0,0,0,0,0,0,0,0,1,2,0,3,3
32,0,0,0,0,1,1,2,0,1,2,0,4,3
88,0,0,0,0,0,0,1,0,0,1,0,3,2
69,1,0,0,0,2,1,2,0,0,1,0,0,2
134,1,1,0,0,0,0,0,0,0,1,0,1,2
118,3,0,0,0,0,0,0,0,0,1,0,3,2
137,1,1,0,0,7,1,2,0,0,0,0,2,2
144,3,0,0,0,0,0,0,0,0,1,0,0,2
142,0,0,0,0,0,0,0,0,1,0,0,0,3
140,0,1,0,0,7,2,2,0,1,0,0,1,3
29,1,0,0,0,0,0,0,0,1,4,1,0,3
122,1,1,0,0,2,0,2,0,0,1,0,0,2
73,3,0,0,0,0,0,0,0,0,1,0,0,2
93,0,0,0,0,1,1,2,0,0,2,0,3,2
71,0,0,0,0,2,1,2,0,1,0,0,1,3
75,3,0,0,0,0,0,1,0,0,1,0,4,2
37,1,0,0,0,1,1,2,0,0,0,0,4,2
128,0,0,0,0,0,1,2,0,1,0,0,3,3
1,0,1,0,0,1,1,2,0,3,4,0,0,3
117,1,0,0,0,2,1,2,0,1,2,1,4,3
128,0,1,0,0,0,0,1,0,1,0,0,3,3
15,1,1,0,0,0,0,0,0,3,3,0,0,1
8,1,0,0,0,0,0,0,0,0,0,0,4,2
12,0,1,0,0,7,2,0,0,1,3,0,4,3
9,1,0,0,0,0,0,1,0,0,0,0,0,2
120,3,0,0,0,1,1,3,0,2,1,4,0,2
19,1,0,0,0,7,0,1,0,1,0,1,4,6
20,0,0,0,0,0,0,1,0,1,0,6,4,3
136,0,1,0,0,7,2,1,0,0,0,0,0,2
133,0,1,0,0,3,5,0,0,1,0,0,1,3
80,1,1,0,0,1,1,0,0,1,0,0,4,6
140,0,1,0,0,2,1,2,0,1,0,0,1,3
120,0,0,0,0,0,1,1,0,1,0,0,1,3
8,1,0,0,0,0,0,1,0,0,1,0,4,2
11,1,1,0,0,0,0,0,0,1,4,1,3,3
38,1,0,0,0,0,0,0,0,1,4,0,4,3
94,1,0,0,0,1,1,2,0,0,2,0,4,2
23,0,0,0,0,1,1,2,0,3,3,0,3,2
64,3,0,0,0,0,0,0,0,0,2,0,0,2
36,0,0,0,0,2,1,2,0,1,4,0,2,3
46,1,0,0,0,0,0,1,0,1,0,0,1,3
27,1,0,0,9,0,0,1,0,0,1,0,0,2
118,1,0,0,0,1,1,2,0,1,2,0,4,3
91,1,0,0,0,1,1,2,0,0,1,0,0,2
115,0,0,0,0,2,1,2,0,1,4,0,3,3
46,1,1,0,0,7,2,1,0,1,0,1,4,6
6,1,0,0,0,0,0,0,0,0,0,1,4,2
116,3,0,0,0,0,0,0,0,1,0,0,0,3
124,0,0,0,0,0,0,0,0,1,0,0,1,3
77,0,0,0,0,0,0,1,0,0,0,0,1,2
146,0,1,0,0,3,1,1,0,1,0,0,3,3
102,0,0,0,0,1,1,2,0,3,3,0,4,2
48,0,0,0,0,3,1,1,0,1,0,0,0,3
85,0,1,0,0,2,1,2,0,1,4,0,0,3
14,0,0,0,0,2,1,2,0,1,0,0,4,3
30,1,1,0,0,0,0,0,0,1,4,1,4,8
42,0,0,0,0,1,1,2,0,0,0,0,4,2
54,0,0,0,0,1,1,2,0,0,0,0,4,2
77,3,0,0,0,0,0,0,0,0,1,0,0,2
106,0,0,0,0,1,1,2,0,0,0,0,4,2
64,1,0,0,0,1,1,2,0,0,0,0,4,2
138,3,0,0,0,0,0,0,0,0,2,0,0,2
14,1,0,0,0,0,0,0,0,1,4,1,4,3
59,1,0,0,0,0,0,0,0,1,4,0,3,3
24,3,0,0,4,1,1,2,0,1,2,0,4,3
136,0,0,0,0,0,0,0,0,0,1,0,0,2
130,1,0,0,0,0,0,0,0,1,0,0,4,2
25,3,0,0,4,1,1,2,0,1,2,0,3,3
8,0,0,0,0,0,0,1,0,0,2,0,4,6
26,1,0,0,0,0,0,0,0,0,2,0,0,2
109,1,0,0,0,0,0,0,0,0,3,0,3,1
20,1,0,0,0,0,0,1,0,1,2,0,0,2
111,1,0,0,0,0,0,0,0,0,1,0,0,2
41,0,0,0,0,0,0,0,2,2,6,0,4,6
58,3,0,0,0,0,0,1,0,0,0,0,0,2
124,1,1,12,0,4,2,0,0,1,0,0,2,2
115,0,1,0,0,0,0,0,0,1,4,0,0,3
109,1,0,25,0,0,0,0,1,2,3,0,4,0
29,0,0,0,0,1,1,2,0,1,0,0,4,6
16,1,0,0,0,2,1,2,0,1,2,0,1,3
45,1,0,0,4,2,1,2,0,1,2,0,4,3
5,0,0,0,0,2,1,2,0,1,0,0,0,3
144,0,1,0,0,0,0,2,0,1,4,0,1,3
81,3,0,0,0,0,0,0,0,0,1,0,0,2
121,1,1,12,0,4,2,2,1,0,1,0,0,2
5,0,0,0,0,0,1,1,0,0,1,0,4,2
42,1,0,0,0,1,1,2,0,1,2,1,4,3
128,1,1,0,0,7,2,0,0,1,4,0,2,3
73,0,0,0,0,0,0,1,0,2,3,0,0,2
80,0,1,0,0,0,0,2,0,1,4,5,4,3
80,1,0,0,0,1,1,2,0,1,0,1,3,3
111,1,0,0,0,0,0,0,0,1,0,1,1,3
139,1,1,0,0,0,0,0,0,0,0,0,4,2
84,1,1,12,0,4,2,0,3,1,5,1,4,3
87,0,1,0,0,0,0,2,0,1,0,5,0,3
67,3,0,0,0,0,0,0,0,0,0,0,1,2
141,0,0,0,0,0,0,1,0,0,1,0,3,2
107,3,0,0,0,0,0,0,0,1,2,1,0,3
60,3,0,0,0,0,0,1,0,0,2,0,3,2
127,1,1,0,0,0,0,0,0,0,1,0,0,2
1,1,0,25,0,0,0,0,1,2,3,0,4,0
85,3,0,0,0,1,1,2,0,0,3,0,3,2
142,0,0,0,0,0,0,0,0,0,0,0,1,2
16,0,0,0,0,0,0,1,0,1,4,0,0,3
141,0,0,0,0,0,0,1,0,0,1,0,2,2
119,3,0,0,0,0,0,0,0,0,1,0,4,2
63,0,0,0,0,0,0,1,0,1,0,1,4,3
7,0,0,0,0,1,1,2,0,1,0,0,3,3
68,0,0,0,0,3,1,0,0,0,0,0,1,2
110,1,0,0,0,0,0,0,0,0,2,0,2,2
94,3,0,0,0,1,1,2,0,0,2,0,1,2
102,0,0,0,0,0,0,0,0,0,0,7,2,2
32,0,0,0,0,1,1,2,0,0,0,0,1,2
15,1,0,0,0,0,0,0,0,1,0,1,1,3
81,0,0,0,0,0,0,0,0,0,0,0,2,2
110,3,0,0,0,0,0,0,0,0,2,0,3,1
29,0,1,12,0,4,2,0,0,3,3,0,4,3
21,1,0,0,0,1,1,1,0,0,1,0,0,2
2,0,1,0,0,1,1,2,0,1,4,0,4,3
21,0,0,0,0,1,1,2,0,3,3,0,3,1
47,0,0,0,0,0,0,0,0,7,0,0,4,7
113,3,0,0,0,0,0,0,0,0,2,0,4,2
43,0,0,0,0,0,0,0,0,0,2,0,4,2
67,0,0,0,0,1,1,2,0,0,0,0,3,2
25,1,0,0,0,6,1,2,0,3,3,0,0,1
20,1,1,12,0,4,2,0,1,0,0,0,0,2
11,3,0,0,0,2,1,2,0,1,0,0,1,3
139,0,1,0,0,0,0,0,0,1,0,0,4,3
109,1,0,0,0,0,0,0,0,0,1,0,0,2
24,0,0,0,0,3,1,1,0,1,0,0,4,3
63,0,0,0,0,3,1,1,0,1,0,0,3,3
25,0,0,0,0,0,0,1,0,1,0,3,4,6
48,3,0,0,0,0,0,0,0,0,1,0,2,2
123,0,0,0,0,1,1,2,0,1,0,0,2,3
41,0,1,0,0,0,0,1,0,1,4,5,4,3
72,0,0,0,0,2,4,1,0,1,0,0,1,3
30,1,1,0,0,0,0,0,0,0,0,0,1,2
17,0,1,0,0,1,1,2,0,3,3,0,0,1
75,0,0,0,0,2,1,2,0,1,0,0,1,3
40,0,1,0,0,7,2,1,0,0,0,0,3,2
29,1,0,0,0,1,1,1,0,0,1,0,4,2
60,0,0,0,0,1,1,0,0,1,2,1,4,3
102,1,0,0,0,0,0,0,0,0,0,0,4,2
123,1,1,0,0,0,0,1,0,0,1,0,0,2
29,0,1,0,0,0,0,0,0,1,0,1,1,3
31,1,0,0,0,0,0,0,0,1,2,0,0,3
54,3,0,0,0,0,0,0,0,0,1,0,3,2
122,0,0,0,0,1,1,2,0,1,0,0,2,3
138,0,1,0,0,2,1,2,0,1,0,0,1,3
12,3,0,25,0,0,0,1,1,0,1,0,4,2
0,0,0,0,0,1,1,1,0,3,3,0,3,1
34,1,0,0,0,0,0,0,0,6,10,0,4,8
80,1,0,0,0,1,1,2,0,0,1,1,4,2
22,1,0,0,0,1,1,2,0,1,0,0,4,3
97,0,0,0,0,0,0,1,0,3,0,0,3,1
4,3,0,0,0,1,1,2,0,0,0,0,2,0
92,1,0,0,2,1,1,2,0,1,2,1,3,3
124,0,0,0,0,0,0,1,0,2,0,0,0,2
127,1,1,0,0,1,1,2,0,0,0,1,1,2
65,1,1,0,0,7,6,3,0,1,0,0,0,3
109,1,0,0,0,1,1,2,0,0,0,1,3,3
116,1,0,0,0,0,0,1,0,0,1,0,0,2
66,1,0,0,0,2,1,2,0,1,0,0,0,3
92,0,0,0,0,0,0,0,0,0,0,0,4,3
20,0,0,0,0,0,0,0,0,1,0,0,3,3
110,3,0,25,0,0,0,0,1,0,6,0,4,0
61,1,0,0,0,0,0,0,0,1,2,1,4,3
123,1,1,0,0,7,1,2,0,0,0,0,2,2
114,1,0,0,0,0,0,0,0,0,0,0,0,2
116,0,1,0,0,0,0,0,0,0,1,0,1,2
24,3,0,0,0,1,1,2,0,1,3,0,2,3
143,3,0,0,0,0,0,0,0,0,1,0,4,2
122,3,0,0,0,0,0,0,0,0,0,1,1,2
113,1,0,0,0,0,0,0,0,0,0,1,3,2
20,1,0,0,0,0,0,1,0,0,0,0,0,2
140,0,1,0,0,1,1,2,0,1,4,1,0,3
77,3,0,0,0,0,0,0,0,1,2,0,0,1
39,0,0,0,0,3,0,1,0,0,0,0,2,2
48,0,0,0,0,3,5,0,0,0,0,0,3,2
100,0,1,0,0,0,0,0,0,1,3,0,4,3
107,1,1,0,0,0,0,0,0,0,1,0,3,2
132,1,0,0,0,0,0,0,0,0,1,0,1,2
78,3,0,0,0,0,0,0,0,0,2,0,2,2
14,3,0,0,0,1,1,0,0,0,1,1,0,2
28,3,0,25,0,0,0,0,0,5,6,0,4,1
67,0,1,0,0,0,1,2,0,1,0,0,0,3
67,0,0,0,0,0,0,1,0,1,4,2,4,3
101,1,0,0,0,1,1,2,0,0,0,0,4,2
84,1,1,0,0,1,1,2,0,0,0,0,3,2
70,3,0,0,0,1,1,2,0,0,1,4,3,2
104,0,0,0,0,0,0,0,0,3,3,0,3,1
22,0,1,0,0,0,0,1,0,1,0,0,4,3
121,1,1,12,0,4,2,0,1,0,1,0,4,2
126,1,0,0,0,0,0,1,0,1,0,1,4,3
82,1,0,0,0,1,1,2,0,1,0,0,2,3
102,0,1,12,0,4,2,0,2,2,3,0,4,6
26,1,0,0,0,0,0,1,0,0,1,0,4,2
11,0,1,0,0,1,1,2,0,1,4,0,0,3
107,1,0,0,0,0,0,0,0,0,1,0,0,2
5,1,0,0,0,0,0,0,0,0,0,0,4,2
30,0,0,0,0,2,1,2,0,1,0,0,3,3
51,0,0,0,0,1,1,3,0,2,3,0,0,2
117,3,0,0,0,0,0,0,0,1,2,0,0,1
88,1,0,0,0,0,0,0,0,0,0,0,0,2
89,0,0,0,0,0,0,1,0,3,3,0,1,1
69,3,0,0,0,0,0,1,0,0,1,0,6,2
22,0,0,0,0,2,1,2,0,1,0,0,1,3
14,0,1,0,0,0,0,0,0,3,3,0,4,1
100,1,1,0,0,0,0,0,0,0,0,0,4,2
47,0,0,0,0,1,1,3,0,0,1,0,3,2
31,0,0,0,0,3,5,0,0,0,0,0,1,2
35,0,0,0,0,0,0,0,0,5,0,0,4,6
30,0,0,0,0,0,0,1,0,3,3,0,1,1
27,1,0,0,0,0,0,1,0,0,2,0,4,6
20,1,1,0,0,0,0,2,0,3,3,0,1,1
42,0,0,0,0,2,1,2,0,1,0,0,4,3
17,0,1,0,0,1,1,2,0,1,4,0,0,3
24,0,0,0,0,3,1,1,0,3,3,0,1,0
23,0,1,0,0,0,0,1,0,1,4,0,1,3
22,1,0,0,0,5,1,1,0,2,3,0,1,2
15,1,0,0,0,0,0,0,0,1,4,1,0,3
8,1,1,0,0,0,0,0,0,1,4,1,1,3
91,1,0,0,0,1,1,0,0,0,1,0,0,2
60,1,0,0,0,0,0,1,0,0,1,0,4,2
34,1,0,0,0,0,0,1,0,0,0,0,4,2
93,1,0,0,0,1,1,2,0,0,1,0,0,2
40,0,0,0,0,1,1,1,0,3,3,0,1,0
10,0,0,0,0,0,0,1,0,1,0,0,4,6
45,0,1,0,0,1,1,0,0,0,2,1,4,6
13,1,0,0,0,0,0,1,0,0,0,1,4,6
53,0,0,0,2,1,1,2,0,1,2,1,3,3
31,0,0,0,0,0,0,0,0,1,2,1,4,3
8,1,1,0,0,0,0,1,0,0,0,0,4,2
107,0,0,0,0,0,0,0,0,0,2,0,2,2
141,3,0,0,0,0,0,0,0,0,1,0,4,2
91,1,0,12,0,1,1,2,0,2,2,0,0,2
120,1,0,0,0,0,0,1,0,0,1,0,4,2
106,1,1,12,0,4,2,0,1,0,0,0,4,2
94,1,0,0,9,0,0,1,0,0,1,0,4,2
8,0,0,0,0,1,1,2,0,1,4,0,0,3
144,1,0,0,0,0,0,0,0,1,0,1,0,3
76,1,0,0,0,1,1,2,0,0,1,0,0,2
95,0,0,0,0,0,0,0,0,0,0,0,4,2
128,0,1,0,0,0,0,1,0,0,0,0,4,2
5,0,0,0,0,1,1,2,0,1,4,0,1,3
21,1,0,12,0,4,2,0,2,0,6,1,4,6
121,1,0,0,0,0,0,0,0,0,0,0,2,2
41,0,0,0,0,0,0,0,0,1,4,2,0,3
126,1,1,0,0,1,1,2,0,1,0,0,0,3
36,0,0,0,0,1,1,2,0,1,0,0,4,3
59,0,1,0,0,0,0,2,0,1,0,5,1,3
75,3,0,0,0,1,1,2,0,0,3,4,3,2
25,3,0,0,0,0,0,0,0,0,6,0,4,2
7,1,1,12,0,4,2,0,3,4,5,1,4,6
9,0,1,0,0,0,0,2,0,1,4,1,4,3
41,1,1,0,0,0,0,0,0,0,0,0,0,2
0,0,1,0,0,1,1,2,0,1,4,0,0,3
18,3,0,0,0,0,0,0,0,1,2,1,4,3
109,1,0,12,0,4,2,0,3,4,5,1,4,4
27,0,1,0,0,0,0,1,0,0,0,0,1,2
52,1,0,0,0,0,0,0,0,1,0,1,4,3
69,1,0,0,0,1,1,2,0,0,1,1,0,2
118,1,0,0,0,0,0,1,0,0,1,0,4,2
72,3,0,0,0,0,0,1,0,0,2,0,0,2
10,0,0,24,0,4,2,1,2,2,0,0,4,6
20,1,1,0,0,4,2,1,0,3,3,0,0,1
40,0,0,0,0,3,1,0,0,0,0,0,0,2
13,0,0,0,0,1,1,2,0,1,4,0,4,3
26,3,0,0,0,5,1,3,0,3,3,4,0,1
19,1,0,25,0,0,0,0,1,2,3,0,4,2
75,0,0,0,0,2,1,2,0,1,0,0,1,3
28,1,0,0,0,1,1,2,0,0,1,0,4,2
133,1,0,25,0,0,0,0,1,0,3,0,0,0
128,1,1,0,0,0,0,0,0,1,0,0,2,3
102,1,0,0,0,0,0,0,0,0,1,0,4,2
118,3,0,25,0,0,0,0,1,0,1,0,4,2
126,3,0,0,4,2,1,2,0,1,2,0,3,3
6,1,0,0,0,0,0,1,0,0,1,0,0,2
59,0,0,0,0,0,0,0,0,1,4,2,1,3
31,0,0,0,0,1,1,2,0,0,0,0,4,2
9,1,1,0,0,0,2,0,0,3,3,0,0,1
61,0,0,0,0,1,1,1,0,1,4,0,0,3
99,3,0,0,0,0,0,0,0,0,1,0,2,2
101,0,0,0,0,0,0,0,0,3,3,0,0,1
87,1,0,0,0,2,1,2,0,0,1,0,0,2
30,1,1,0,0,2,1,2,0,1,0,0,1,3
148,1,1,0,0,3,1,0,0,0,0,0,0,2
33,1,0,0,0,0,0,0,0,0,2,0,5,2
61,0,0,0,0,0,0,0,0,1,2,0,4,3
143,3,0,0,0,0,0,1,0,0,1,0,1,2
136,0,0,0,0,3,1,1,0,1,0,0,1,3
104,1,0,0,0,0,0,1,0,0,2,0,7,1
140,0,1,0,0,1,1,2,0,1,0,0,4,3
71,0,0,0,0,2,1,2,0,3,3,0,0,1
123,1,1,0,0,1,1,2,0,0,1,0,4,2
94,3,0,0,0,0,0,0,0,1,0,0,3,3
19,1,1,0,0,0,2,0,0,1,4,1,4,3
131,1,0,0,0,0,0,1,0,1,0,0,1,3
32,3,0,0,0,0,0,1,0,0,1,0,3,2
89,1,0,0,0,3,1,2,0,0,0,0,1,2
143,1,0,0,0,0,0,0,0,1,0,0,0,3
135,3,0,0,0,0,0,1,0,0,1,0,3,2
69,0,0,0,0,1,1,1,0,3,3,0,0,2
94,0,1,0,0,0,0,2,0,1,4,0,0,3
125,1,0,0,0,1,1,2,0,0,0,0,0,2
63,1,0,0,0,0,0,0,0,1,4,1,0,3
48,0,0,0,0,1,1,1,0,3,3,6,0,1
20,1,0,0,0,0,0,0,0,0,0,0,4,2
137,0,1,0,0,0,0,0,0,1,0,0,0,3
71,3,0,0,0,0,0,0,0,0,2,0,4,2
127,0,1,0,0,0,0,0,0,0,0,0,2,2
134,0,1,0,1,3,5,0,0,7,0,0,3,7
88,0,0,0,0,0,0,0,0,1,0,0,3,3
76,3,0,0,0,0,0,0,0,0,6,0,4,6
124,3,0,0,0,0,0,1,0,0,1,0,4,2
134,1,0,0,0,0,0,0,0,0,1,0,2,2
25,0,0,0,0,2,1,2,0,1,0,0,1,3
149,0,0,0,1,0,0,0,0,7,0,0,0,7
119,1,1,0,0,1,1,2,0,0,1,0,4,2
130,3,0,25,0,0,0,0,1,0,1,0,4,2
35,0,0,0,0,5,1,1,0,3,3,0,3,2
103,0,0,0,0,1,1,2,0,1,0,0,4,3
131,3,0,0,0,0,0,0,0,0,1,0,0,2
66,3,0,0,0,0,0,1,0,0,1,0,0,2
18,0,0,24,0,0,0,0,2,2,6,0,4,6
73,1,0,0,0,2,1,2,0,0,0,0,0,2
3,0,0,0,0,3,0,1,0,0,0,0,4,2
143,3,0,0,0,0,0,1,0,0,1,0,4,2
6,1,0,25,0,0,0,0,1,5,10,0,4,0
119,1,0,0,0,0,0,1,1,2,3,0,0,0
135,1,0,0,0,0,0,1,0,1,0,0,1,3
36,0,0,0,0,1,1,0,0,1,4,2,4,3
35,0,1,0,0,1,1,0,0,1,0,1,4,3
98,0,0,0,0,0,0,0,0,0,2,0,2,2
138,3,0,0,0,0,0,0,0,0,0,0,4,2
137,0,1,0,0,3,5,1,0,7,0,0,1,7
69,0,1,0,0,0,0,1,0,3,3,0,0,1
137,3,0,0,0,0,0,0,0,0,1,0,2,2
137,1,0,0,0,0,0,1,0,0,1,0,4,2
91,3,0,0,0,0,0,0,0,1,4,0,0,3
24,1,0,0,0,0,0,0,0,1,4,0,0,3
9,1,1,12,0,0,0,0,1,0,1,0,4,2
126,0,1,0,0,0,0,0,0,3,3,0,1,1
126,3,0,0,0,0,0,0,0,0,1,0,0,2
18,3,0,0,0,0,0,0,0,0,2,0,0,1
134,3,0,0,0,0,0,0,0,0,1,0,5,2
136,0,1,0,0,0,0,1,0,1,3,0,1,3
119,0,0,0,0,0,0,0,0,1,0,0,0,3
99,0,0,25,0,0,0,0,1,0,1,0,4,2
128,1,0,0,0,0,0,0,0,0,1,0,1,2
27,0,0,0,0,0,0,0,0,1,2,1,4,3
69,3,0,0,0,0,0,0,0,0,2,0,4,1
92,3,0,0,0,0,0,0,0,1,0,0,3,3
62,1,0,0,0,2,1,2,0,1,0,0,3,3
79,3,0,0,0,0,0,0,0,1,2,0,3,3
7,1,0,0,0,0,0,0,0,1,3,0,1,3
34,0,0,24,0,0,0,0,2,0,6,0,4,6
84,0,0,0,0,0,1,3,0,0,1,0,0,2
10,1,0,0,0,0,0,0,0,1,2,1,4,3
30,0,0,0,0,1,1,2,0,1,0,1,2,3
109,1,1,0,0,4,1,2,0,0,1,0,4,2
128,1,0,0,0,1,1,2,0,0,1,0,1,2
144,1,0,0,0,7,4,1,0,1,0,0,0,3
80,1,0,0,0,2,1,2,0,0,0,0,0,2
136,0,1,0,5,0,0,0,0,1,0,0,1,3
62,0,1,0,0,0,0,2,0,1,4,5,0,3
15,1,0,0,0,0,0,0,0,1,4,1,0,3
13,3,0,0,0,1,1,2,0,0,0,1,1,2
55,0,0,0,0,0,0,1,0,1,0,6,0,3
127,0,0,0,0,3,1,1,0,1,0,0,1,3
23,0,0,0,0,0,0,0,0,1,2,2,0,3
91,0,0,0,0,0,0,0,0,0,0,0,1,2
27,1,0,0,0,0,0,2,0,3,3,5,4,3
108,0,0,0,0,0,0,0,0,1,0,0,0,3
127,3,0,0,0,0,0,0,0,0,2,0,2,2
104,1,0,0,0,0,0,0,0,0,1,0,0,2
126,0,0,0,0,1,1,2,0,1,0,0,3,3
23,0,0,0,0,0,0,1,0,0,0,0,3,2
92,0,0,0,0,0,0,0,0,3,3,0,4,1
112,1,1,0,0,0,2,3,0,0,1,0,4,2
129,1,0,25,0,0,0,1,1,2,3,0,6,0
144,1,0,0,0,0,0,1,0,0,1,0,0,2
19,0,0,0,0,2,1,2,0,1,0,0,0,3
76,0,0,0,0,2,1,1,0,1,0,0,1,3
86,1,0,0,0,0,0,0,0,1,0,0,2,3
89,3,0,0,0,0,0,0,0,0,2,0,0,1
0,1,0,0,0,1,1,2,0,0,1,2,4,2
13,3,0,0,0,0,0,0,0,0,1,0,1,2
34,0,0,0,0,1,1,2,0,1,0,0,4,3
1,0,0,24,0,0,0,0,2,5,6,3,4,6
22,0,1,0,0,0,0,2,0,3,3,0,0,1
92,3,0,0,4,2,1,2,0,1,2,0,0,3
134,1,0,0,0,1,1,2,0,0,1,0,4,2
68,0,0,0,0,0,0,0,0,1,4,0,0,3
3,1,1,0,0,0,0,1,0,0,1,0,4,2
122,0,0,0,0,1,1,2,0,1,0,0,1,3
0,0,0,0,0,1,1,2,0,1,0,0,1,3
36,1,0,0,0,1,1,2,0,0,2,2,4,6
68,3,0,0,0,0,0,0,0,1,2,0,0,3
15,0,0,0,0,1,1,0,0,0,2,2,4,2
51,1,0,0,0,0,0,1,0,0,2,0,4,2
58,0,0,0,0,0,0,1,0,1,0,0,0,3
81,3,0,25,0,0,0,0,1,0,2,0,2,0
77,3,0,0,0,0,0,1,0,0,2,0,0,2
19,3,0,0,0,0,0,0,0,0,0,1,0,3
139,0,0,0,0,0,0,0,0,0,0,0,0,2
30,0,0,0,0,0,0,0,0,1,2,0,2,3
31,0,1,0,0,0,0,0,0,1,4,0,2,3
70,1,0,0,0,0,0,1,0,0,1,2,0,2
62,3,0,0,0,0,0,1,0,0,1,0,4,2
73,1,1,0,0,1,1,2,0,1,0,0,4,3
121,1,0,0,0,0,0,1,0,0,1,0,4,2
22,0,0,0,0,3,5,0,0,0,2,0,0,2
116,0,0,0,0,1,1,2,0,1,0,0,2,3
14,1,0,0,0,0,0,1,0,0,0,0,4,2
35,3,0,0,0,1,1,2,0,0,2,2,3,2
126,1,0,0,0,0,0,0,0,1,0,0,0,3
54,3,0,0,0,0,0,0,0,0,2,0,3,3
76,1,1,0,0,1,2,2,0,0,2,0,2,0
97,0,1,0,0,0,0,0,0,0,0,1,4,2
115,0,0,0,0,0,0,0,0,0,0,1,3,2
75,3,0,0,0,1,1,3,0,3,3,0,3,2
31,1,0,25,0,0,0,1,1,0,2,1,4,4
37,0,0,0,0,1,1,0,0,1,0,2,0,3
37,1,0,0,0,0,0,0,0,0,0,0,4,2
124,0,0,0,0,0,0,0,0,0,0,0,0,2
0,3,0,0,0,0,0,1,0,0,0,0,4,2
129,0,0,0,0,1,1,2,0,1,0,0,1,3
106,3,0,0,0,0,0,0,0,0,1,0,3,0
124,0,1,0,0,0,0,0,0,0,0,0,0,2
80,0,0,0,0,0,0,1,0,0,0,0,1,2
77,1,0,0,0,0,0,0,0,0,1,0,1,2
28,1,0,0,0,0,0,1,0,1,2,0,4,3
135,1,0,0,0,0,0,0,0,1,0,0,3,3
116,3,0,0,0,0,0,1,0,0,1,0,0,2
110,3,0,0,0,0,0,0,0,0,0,0,0,2
15,0,0,0,0,1,1,0,0,0,2,0,2,2
69,0,1,0,0,1,1,2,0,1,4,0,0,3
48,0,0,0,0,7,1,1,0,1,0,0,1,0
31,1,0,0,0,1,1,1,0,0,2,0,2,2
31,0,0,0,0,3,1,1,0,1,0,0,2,3
133,0,0,0,2,1,1,2,0,1,2,0,4,3
89,3,0,0,0,0,0,1,0,0,2,0,0,2
35,3,0,0,0,1,1,2,0,3,3,0,1,0
0,0,0,0,0,1,1,2,0,1,0,0,0,3
48,1,0,0,0,0,0,1,0,0,1,0,4,2
84,1,0,0,9,0,0,1,0,0,1,0,2,2
25,1,0,0,0,0,0,1,0,0,2,0,4,2
17,3,0,0,0,1,1,0,0,0,1,0,4,2
146,1,1,12,0,4,2,0,1,2,3,0,4,2
27,1,0,0,0,0,0,1,0,1,2,1,4,3
122,0,0,0,0,0,0,0,0,0,1,0,4,2
22,0,0,0,0,2,1,2,0,1,4,0,0,3
95,0,1,0,0,0,0,0,0,1,4,0,3,3
7,1,1,12,0,4,2,0,3,4,5,1,4,6
47,0,0,0,0,3,1,1,0,1,0,0,1,3
24,1,0,0,0,7,2,0,0,1,0,1,2,3
105,1,1,0,0,0,0,0,0,1,0,1,1,3
38,1,0,0,0,0,0,1,0,2,3,0,0,0
14,1,0,0,0,0,0,1,0,0,1,0,4,2
52,1,1,12,0,4,2,0,2,0,1,0,4,6
66,3,0,0,0,0,0,0,0,1,2,1,0,1
86,3,0,0,0,0,0,1,0,0,2,0,1,2
33,0,1,0,0,7,2,1,0,3,3,0,0,1
116,1,0,0,0,0,0,0,0,0,1,0,0,2
96,3,0,0,4,1,1,2,0,0,2,0,3,2
18,0,0,0,0,1,1,3,0,0,0,0,1,2
109,1,0,0,0,0,0,1,0,0,1,0,0,2
73,1,1,0,0,0,0,0,0,1,4,0,0,3
125,1,0,0,0,0,0,0,0,0,1,0,0,2
106,1,0,0,0,1,1,2,0,0,1,0,4,2
86,0,0,0,0,0,0,0,0,1,4,0,4,3
14,0,0,0,0,2,1,2,0,1,0,0,1,3
132,1,0,0,0,1,1,2,0,1,2,0,4,3
144,0,0,0,0,0,0,0,0,0,0,0,4,2
92,0,1,0,0,0,0,1,0,3,3,0,0,1
122,1,0,0,0,0,0,0,0,0,0,0,4,2
149,0,0,0,0,0,0,0,0,0,1,0,0,2
128,1,1,0,0,0,0,0,1,0,1,0,2,2
25,0,0,0,0,1,0,0,0,0,2,0,0,2
106,0,0,0,0,0,0,1,0,0,0,0,3,2
16,1,0,0,0,0,0,0,0,0,0,0,4,2
12,0,0,0,0,1,1,2,0,0,1,0,3,2
111,1,0,0,0,0,0,1,0,0,1,0,5,2
47,0,0,0,0,1,1,2,0,1,2,1,4,3
120,1,0,0,0,1,1,2,0,0,2,1,0,2
24,1,0,0,0,0,0,1,0,0,1,0,4,2
118,0,0,0,0,1,1,2,0,1,0,0,0,3
131,0,0,0,0,0,0,0,0,0,1,0,1,2
22,0,0,0,0,1,1,2,0,0,0,0,4,2
18,3,0,0,0,1,1,0,0,0,1,0,4,2
14,0,0,0,0,1,1,2,0,1,0,0,0,3
129,0,0,0,0,0,0,0,0,3,3,0,3,1
49,0,0,0,0,0,0,1,0,3,3,6,0,1
37,0,0,0,0,2,1,2,0,1,0,0,4,3
8,0,0,0,0,0,0,0,0,5,6,0,4,6
140,0,1,0,0,0,6,0,0,1,0,0,0,3
76,1,0,0,0,2,1,2,0,1,0,0,4,3
48,0,1,0,0,0,0,0,0,1,2,0,1,3
122,1,0,0,0,0,0,0,0,1,0,0,3,3
69,0,0,0,0,1,1,2,0,0,0,0,3,2
55,1,0,0,0,1,1,2,0,0,2,0,0,2
33,1,0,0,0,0,0,0,0,6,2,0,4,8
110,3,0,0,0,0,0,0,0,0,1,0,3,2
66,1,0,0,0,1,1,2,0,0,2,0,0,2
107,1,0,0,0,1,1,2,0,0,1,0,0,2
118,1,1,0,0,7,1,1,0,1,0,0,3,3
43,0,0,0,0,3,1,0,0,0,0,0,1,2
20,1,0,25,0,0,0,0,1,0,1,0,4,0
50,3,0,0,0,5,1,1,0,2,3,2,1,2
118,1,1,0,0,1,1,0,0,1,0,0,0,3
40,1,0,0,0,0,0,1,0,0,2,0,4,2
56,0,0,0,0,7,1,1,0,1,0,0,3,3
90,1,1,0,0,1,1,2,0,0,1,0,0,2
76,1,0,0,0,1,1,2,0,0,1,0,2,2
58,0,0,0,0,1,1,2,0,0,0,0,4,2
45,0,0,0,0,0,0,1,0,0,0,0,3,2
67,1,0,0,0,0,0,1,0,1,0,1,4,3
42,1,0,0,0,0,0,1,0,0,1,0,4,2
84,1,0,0,0,1,1,2,0,0,1,1,2,2
30,0,0,0,0,3,1,1,0,1,2,2,0,3
115,0,0,0,0,1,1,2,0,1,0,0,3,3
74,3,0,0,0,0,0,1,0,0,2,0,1,2
135,1,0,0,0,0,0,0,0,1,4,1,0,3
16,1,0,0,0,2,1,2,0,0,1,0,4,2
75,0,1,0,0,0,0,2,0,3,3,0,3,3
91,0,0,0,0,1,1,2,0,0,1,0,3,2
104,1,0,0,0,0,0,0,0,1,2,0,2,3
18,3,0,0,0,0,0,0,0,0,1,1,0,2
22,3,0,0,0,1,1,2,0,1,2,1,1,3
37,1,0,0,0,1,1,1,0,0,2,2,4,2
101,1,0,0,0,0,0,0,0,1,4,1,0,3
26,0,0,24,0,0,0,0,2,0,6,0,4,6
16,1,0,0,0,0,0,1,0,0,1,0,5,2
143,0,1,0,0,2,1,2,0,1,4,0,4,3
19,0,0,0,0,1,1,2,0,3,3,0,0,1
20,1,0,0,0,0,0,0,0,1,4,1,4,3
92,3,0,0,0,0,0,0,0,1,2,0,4,3
139,0,0,0,0,3,0,1,0,1,0,0,0,3
57,0,1,0,0,0,0,2,0,3,3,0,4,1
63,1,0,0,0,1,1,2,0,0,0,0,3,3
16,3,0,0,0,1,1,2,0,0,2,0,4,2
89,0,0,0,0,0,0,0,0,1,0,0,1,3
131,3,0,0,0,0,0,0,0,0,0,0,0,2
91,1,1,0,0,2,1,2,0,1,0,0,1,3
64,1,1,0,0,0,0,0,0,1,0,1,3,3
74,3,0,0,0,0,0,1,0,0,2,0,0,2
126,0,0,0,0,0,0,0,0,1,0,0,0,3
119,3,0,25,0,0,0,1,1,0,1,0,2,2
46,0,0,0,0,1,1,1,0,1,0,0,4,3
134,0,0,0,0,0,0,0,0,0,1,0,4,2
70,1,0,0,0,0,0,0,0,0,1,0,3,2
30,0,0,0,0,1,1,0,0,1,4,0,4,3
11,1,0,25,0,0,0,0,1,2,3,0,0,0
82,1,0,0,0,1,1,2,0,0,1,0,0,2
18,0,0,0,0,1,1,2,0,1,2,0,4,3
64,1,0,0,0,2,1,2,0,1,0,0,1,3
140,3,0,0,0,0,0,1,0,0,1,0,0,2
140,1,1,0,0,1,1,2,0,1,0,0,4,3
124,1,0,0,0,0,0,0,0,0,0,0,0,2
14,0,1,0,0,2,1,2,0,1,4,0,1,3
89,3,0,0,0,0,0,0,0,0,1,0,1,2
134,1,0,0,0,0,0,0,0,1,0,0,0,3
47,0,0,0,0,0,0,0,0,1,0,0,4,2
26,0,0,0,0,1,1,1,0,3,0,6,0,1
104,0,1,0,0,1,1,2,0,0,0,0,3,2
74,3,0,0,0,0,0,0,0,0,2,0,3,2
122,1,0,0,0,1,1,2,0,0,1,0,0,2
66,0,0,0,0,3,1,2,0,0,0,0,1,2
97,3,0,0,0,0,0,0,0,0,1,0,0,2
136,0,0,0,0,0,0,1,0,1,0,6,3,3
111,1,1,0,0,0,0,0,0,0,1,0,0,2
11,0,1,0,0,1,1,2,0,1,0,0,4,3
37,0,0,0,0,3,1,1,0,1,0,1,4,3
90,3,0,0,0,0,0,0,0,0,1,0,0,2
145,0,1,0,0,0,0,2,0,1,4,5,0,3
41,1,0,0,0,0,0,0,0,1,4,1,4,3
93,1,0,0,0,0,0,0,0,0,0,0,0,2
79,1,0,0,0,0,0,1,0,0,1,0,0,2
80,0,1,0,0,1,1,2,0,1,4,5,0,3
0,0,0,0,0,1,1,1,0,3,3,6,0,1
129,1,0,0,0,0,0,0,0,0,0,0,0,2
79,0,0,0,0,0,0,0,0,1,0,0,3,3
30,0,0,0,0,1,1,2,0,0,1,0,2,2
106,3,0,0,2,1,1,2,0,1,2,0,2,3
26,0,0,0,0,1,1,1,0,1,2,2,4,3
75,1,0,0,0,0,0,1,0,0,1,0,0,2
143,1,0,0,0,0,0,0,0,1,0,0,0,3
139,1,1,0,0,7,2,1,0,1,4,0,4,3
88,1,0,0,0,1,1,2,0,0,2,2,0,2
140,0,0,0,0,0,0,1,0,3,0,0,1,1
24,1,0,0,0,1,1,1,0,0,0,2,1,2
126,1,1,0,0,0,0,0,0,0,1,0,0,2
96,1,0,0,0,1,1,2,0,0,1,0,0,2
78,1,0,0,0,2,1,0,0,1,0,1,1,3
22,1,1,0,0,0,0,1,0,0,1,0,0,2
2,1,0,0,0,0,0,0,0,1,4,1,0,3
96,1,0,0,0,0,0,0,0,0,1,0,4,2
134,0,0,0,0,2,1,2,0,1,0,0,0,3
16,3,0,0,0,1,1,0,0,0,1,1,1,2
27,0,0,0,0,0,1,0,0,1,0,0,4,6
31,1,0,0,0,0,0,1,2,1,0,1,4,6
18,1,1,0,0,0,0,3,0,0,1,0,4,2
34,0,0,0,0,1,1,2,0,1,0,0,3,2
134,1,0,0,0,3,5,0,0,0,0,0,0,2
11,0,0,0,0,2,1,2,0,1,0,0,0,3
52,0,0,0,0,1,1,1,0,0,0,0,4,6
118,0,1,0,0,0,0,0,0,1,0,0,3,3
25,3,0,24,0,0,0,0,2,5,6,3,4,6
60,3,0,0,0,0,0,0,0,0,2,0,4,2
4,1,0,0,0,1,1,0,0,0,1,0,0,2
15,0,0,0,0,1,1,1,0,1,0,6,4,3
18,1,0,0,0,0,0,0,0,1,0,0,1,3
35,0,0,0,0,1,1,2,0,1,0,0,3,2
68,1,0,0,0,1,1,2,0,0,0,0,0,2
112,1,0,0,0,1,1,2,0,1,5,0,4,4
19,0,1,0,0,1,1,2,0,1,0,1,4,3
43,0,0,0,0,0,0,1,0,3,3,0,3,1
136,1,0,0,0,0,0,0,0,0,1,0,1,2
0,0,0,0,0,1,1,1,0,1,0,2,3,3
123,1,1,0,0,0,0,0,0,0,0,1,2,2
128,0,1,0,0,0,0,0,0,1,0,1,2,3
0,0,0,0,0,0,0,1,0,1,0,0,1,3
9,0,0,0,0,1,1,2,0,3,0,0,0,1
98,3,0,0,0,0,0,0,0,0,2,0,0,2
10,3,0,24,0,0,0,0,2,5,6,3,4,6
141,0,0,0,0,0,0,0,0,0,1,0,4,2
24,1,0,0,0,0,0,0,0,1,0,0,1,3
13,3,0,0,0,1,1,2,0,3,3,0,0,1
21,0,0,0,0,2,1,2,0,1,2,0,4,3
96,1,0,0,0,1,1,2,0,0,2,1,4,2
57,0,0,0,0,1,1,2,0,0,0,1,4,2
73,1,0,0,0,1,1,0,0,1,0,1,4,3
40,0,0,0,0,3,1,0,0,1,0,0,4,3
24,0,0,0,0,1,1,0,0,0,2,2,0,2
117,0,0,0,0,0,0,0,0,3,3,0,2,0
74,1,0,0,0,0,0,0,0,0,2,0,4,2
129,0,0,0,0,3,5,0,0,0,0,0,3,2
68,1,0,0,0,0,0,0,0,1,4,1,4,3
128,1,0,0,0,0,0,1,0,1,0,0,0,3
57,0,0,0,0,1,1,2,0,1,4,0,0,3
49,0,0,0,0,1,1,2,0,3,3,0,0,1
123,1,0,0,0,0,0,0,0,0,1,0,0,2
31,0,0,0,0,2,1,2,0,1,0,0,0,3
12,1,0,0,0,3,1,1,0,1,0,0,1,3
85,1,1,0,0,7,0,3,0,0,0,0,2,2
129,0,1,0,0,1,1,2,0,1,4,0,1,3
91,1,0,0,0,1,1,3,0,2,1,4,0,2
99,0,0,0,0,1,1,3,0,0,1,0,3,2
143,1,0,0,0,0,0,1,0,0,1,0,0,2
17,1,1,0,0,0,0,0,0,0,1,0,4,2
20,1,0,0,0,0,0,2,0,3,3,0,0,1
14,0,1,0,0,0,0,2,0,3,3,0,4,1
60,1,1,0,0,1,1,2,0,0,0,0,4,2
13,0,0,0,0,1,1,2,0,1,0,0,3,3
78,3,0,0,0,0,0,0,0,1,2,1,3,3
96,0,0,0,0,1,1,2,0,0,0,0,1,2
73,3,0,0,0,0,0,1,0,0,2,0,4,2
38,0,0,0,0,0,0,0,0,3,3,0,4,1
85,3,0,0,4,0,0,1,0,0,1,0,1,2
53,3,0,0,0,0,0,0,0,3,3,0,3,1
83,0,1,0,0,0,0,2,0,3,3,0,2,1
109,0,0,0,0,5,1,3,0,2,3,4,3,2
80,0,1,0,0,0,0,2,0,1,4,5,0,3
130,0,0,0,0,2,1,2,0,1,0,0,0,3
29,1,1,0,0,0,0,0,0,1,0,0,1,3
57,1,0,0,0,0,1,1,0,1,0,1,0,3
21,0,0,0,0,0,0,1,0,1,0,6,4,6
58,0,0,0,0,0,1,1,0,1,0,1,4,3
57,0,0,0,0,0,0,0,0,1,0,0,4,3
85,1,0,0,0,1,1,2,0,0,0,1,1,2
50,0,0,0,0,0,0,0,0,1,2,0,0,3
37,0,0,0,0,1,2,1,0,2,3,0,4,6
29,1,0,0,0,0,0,1,0,0,1,0,0,2
78,1,0,0,0,3,1,3,0,0,0,0,0,3
36,0,0,0,0,0,0,1,0,3,3,0,2,1
63,1,0,0,0,3,1,1,0,1,0,1,0,3
43,0,0,0,0,1,1,2,0,1,0,0,3,3
23,0,0,0,0,2,1,2,0,1,0,0,4,3
113,3,0,0,0,1,1,0,0,0,1,0,0,2
0,0,0,0,0,3,1,1,0,1,0,0,0,3
149,1,0,0,0,0,0,1,0,0,1,0,4,2
94,1,1,0,0,0,0,0,0,0,0,1,4,6
23,1,0,0,9,0,0,1,0,0,1,0,0,2
139,0,0,0,0,0,0,0,0,1,0,0,3,3
35,3,0,0,0,0,0,1,0,0,0,0,3,2
10,1,0,0,0,0,0,1,0,0,1,2,4,2
69,0,0,0,0,1,1,2,0,1,0,0,4,3
84,1,1,0,0,7,1,1,0,0,0,0,0,2
78,1,1,0,0,3,1,3,0,1,0,0,0,3
9,0,0,0,0,1,1,2,0,3,0,0,2,2
148,1,0,25,0,0,0,1,1,0,1,0,0,2
22,1,1,12,0,4,2,0,3,3,3,0,4,1
69,0,0,0,0,0,0,1,0,0,3,0,1,2
118,1,0,0,0,1,1,2,0,0,0,0,4,2
66,0,0,0,0,2,4,2,0,1,4,0,1,3
72,3,0,0,0,0,0,0,0,1,2,0,4,3
13,0,0,0,0,1,1,1,0,2,3,6,1,2
19,0,0,0,0,0,0,1,0,0,1,0,4,2
47,3,0,0,0,0,0,1,0,0,2,2,3,2
42,0,0,0,0,1,1,1,0,2,3,0,4,2
91,1,0,0,0,2,1,2,0,1,0,0,1,3
115,0,0,0,0,0,0,0,0,1,4,0,4,3
92,1,1,0,0,1,1,2,0,1,0,1,0,3
138,3,0,25,0,0,0,0,1,0,1,0,4,2
140,1,1,0,0,0,0,0,0,1,0,1,4,6
60,0,0,0,0,2,4,2,0,1,4,1,4,3
104,1,0,0,0,0,0,1,0,0,1,0,1,2
139,1,1,0,0,0,0,1,0,0,1,2,1,2
92,1,0,0,0,1,1,2,0,0,2,0,2,2
34,1,0,0,0,3,0,1,0,1,0,1,4,3
93,1,0,0,0,0,0,1,0,1,0,1,0,3
20,1,0,0,0,0,0,0,0,0,2,2,3,2
43,0,0,0,0,1,1,2,0,0,0,0,1,2
69,1,0,0,0,1,1,2,0,0,0,0,1,2
149,3,0,0,0,0,0,1,0,0,1,0,1,2
22,1,0,0,0,6,2,2,3,4,5,1,0,4
17,1,0,0,0,0,0,0,0,1,2,0,2,3
58,3,0,0,4,1,1,2,0,1,2,1,4,3
139,1,1,0,0,0,0,0,0,0,1,0,4,2
14,0,0,0,0,1,1,2,0,0,0,0,3,2
46,0,0,0,0,1,1,0,0,1,0,2,3,3
19,1,0,0,0,0,0,0,0,0,0,0,4,2
86,0,1,0,0,0,0,0,0,1,0,0,0,3
33,1,0,0,0,0,0,1,0,0,1,0,0,2
97,1,1,0,0,0,0,0,0,0,0,1,0,2
31,0,0,0,0,1,1,2,0,1,0,0,4,3
24,1,0,0,0,0,0,0,0,1,4,0,0,3
38,0,0,0,0,1,1,1,0,3,3,0,3,3
28,0,0,0,0,1,1,2,0,1,2,0,4,3
101,1,0,0,0,0,0,0,0,0,1,0,3,2
6,0,0,0,0,1,1,2,0,0,0,0,3,2
135,0,0,25,0,0,0,0,1,0,1,0,4,2
12,3,0,0,0,0,0,1,0,0,2,0,4,2
129,1,0,0,0,0,0,0,0,1,4,0,0,3
20,0,0,0,0,0,0,0,0,1,2,3,4,6
19,1,0,0,0,7,1,2,0,0,0,0,0,2
28,0,0,0,0,1,1,2,0,1,0,0,4,3
96,1,1,0,0,0,0,0,0,1,5,1,0,3
112,0,1,0,0,0,0,1,0,0,1,0,0,2
27,0,0,0,0,0,0,0,0,1,4,2,0,3
149,1,0,0,0,0,0,1,0,0,1,0,0,2
64,3,0,0,0,0,0,1,0,0,1,0,2,2
118,3,0,0,0,1,1,2,0,0,1,0,3,2
24,0,0,0,0,2,1,1,0,1,0,0,4,3
103,0,1,0,0,1,1,2,0,0,0,0,0,2
124,0,0,0,0,0,0,0,0,0,1,0,2,2
22,0,1,0,0,2,1,2,0,1,2,0,4,3
19,0,0,0,0,2,1,2,0,1,0,0,4,3
34,0,0,0,0,1,1,2,0,0,0,0,4,2
142,3,0,0,0,0,0,0,0,0,1,0,0,2
22,1,1,0,0,0,0,0,1,0,0,0,0,2
16,1,1,25,0,0,0,0,1,2,3,0,4,4
79,0,1,0,0,0,0,2,0,1,4,5,1,3
39,0,0,0,0,1,1,1,0,0,0,0,4,6
53,0,0,0,0,0,0,0,0,0,1,0,4,2
118,1,1,0,0,4,2,3,0,0,0,0,2,2
119,0,0,0,0,0,0,0,0,0,1,0,1,2
2,1,0,0,0,1,1,0,0,0,1,0,2,2
52,0,0,0,0,2,1,2,0,1,0,2,0,3
143,1,0,0,0,0,0,0,0,1,4,0,2,3
57,0,0,0,0,0,0,0,0,0,2,0,0,2
41,1,0,0,0,0,0,1,0,0,2,0,0,2
15,0,0,0,0,0,0,0,0,1,4,1,1,3
5,0,0,0,0,0,0,0,0,1,2,0,4,6
91,1,0,0,0,1,1,2,0,0,0,0,3,2
124,1,0,0,0,0,0,0,0,0,1,0,4,2
32,0,0,0,2,1,1,2,0,1,0,0,4,3
42,0,1,0,0,0,0,0,0,1,4,0,4,3
149,3,0,0,0,0,0,1,0,0,1,0,0,2
76,1,0,0,0,0,0,0,0,0,1,0,4,2
65,1,0,0,0,3,1,1,0,0,0,0,4,2
11,0,0,0,0,1,1,2,0,3,3,0,0,1
116,3,0,0,0,0,0,0,0,0,1,0,0,2
59,0,0,0,0,0,0,1,0,1,4,2,0,3
62,0,0,0,0,1,1,2,0,1,4,0,0,3
6,1,0,0,0,0,0,0,0,1,2,2,0,3
33,3,0,0,0,1,1,2,0,2,3,4,3,2
140,1,0,0,0,0,0,1,0,0,1,0,0,2
103,1,0,0,0,0,0,0,0,1,0,0,0,3
54,3,0,0,0,0,0,1,0,3,3,2,1,1
90,1,0,0,0,0,0,1,0,0,1,0,0,2
129,0,0,0,0,0,0,0,0,0,0,0,1,2
149,1,1,0,0,0,0,1,0,1,4,0,0,3
16,0,0,0,0,1,1,2,0,1,3,0,0,3
72,0,0,0,0,1,4,2,0,1,4,2,0,3
141,0,0,0,0,0,0,0,0,1,0,0,4,3
35,0,0,0,0,1,1,2,0,0,0,0,0,2
56,0,0,0,0,1,1,2,0,0,0,0,1,2
80,1,0,0,0,0,4,1,0,1,4,1,0,3
11,1,0,0,0,0,0,1,0,0,1,0,4,2
62,0,0,0,0,0,0,1,0,1,0,0,1,3
10,1,0,0,0,0,0,1,0,0,1,0,2,2
76,1,0,0,0,2,1,2,0,0,1,0,0,2
145,0,0,0,0,0,0,0,0,0,1,0,1,2
129,1,0,0,0,0,0,1,0,0,1,0,1,2
144,0,1,0,0,0,0,1,0,1,0,0,1,3
129,0,0,0,0,0,0,0,0,0,0,0,1,2
17,0,0,0,0,0,1,1,0,0,1,2,4,2
70,1,0,0,0,1,1,2,0,0,0,0,1,2
109,3,0,0,0,0,0,0,0,0,2,0,0,2
141,0,1,0,0,2,1,1,0,1,0,0,4,3
3,0,0,0,0,1,1,2,0,1,0,0,0,3
125,0,0,0,0,0,0,0,0,0,1,0,4,2
73,0,0,0,0,0,0,0,0,1,4,0,3,3
75,1,0,0,0,3,1,1,0,1,0,1,0,3
108,0,1,0,0,0,0,0,0,0,0,0,0,2
74,0,0,0,0,0,0,1,0,1,0,0,1,3
108,1,0,0,0,0,0,0,0,0,1,0,0,2
127,0,1,0,0,3,0,0,0,1,0,0,0,3
26,1,0,0,0,0,0,1,0,3,3,0,0,1
106,1,0,0,0,1,1,2,0,0,1,0,0,2
102,1,0,0,0,1,1,2,0,0,1,4,4,2
11,3,0,25,0,0,0,0,1,5,6,0,4,4
36,0,0,0,0,1,1,2,0,0,2,2,2,2
54,3,0,0,0,0,0,1,0,0,1,0,0,2
45,0,0,0,0,1,1,2,0,1,4,0,0,3
88,1,1,0,0,2,1,2,0,0,0,0,0,3
106,0,0,0,0,0,0,0,0,0,0,0,1,2
132,0,1,0,5,0,0,0,0,1,0,0,1,3
33,1,0,0,0,2,4,1,0,1,2,1,5,3
0,1,0,0,0,0,0,0,0,0,1,0,0,2
48,1,0,0,0,0,0,1,0,1,0,0,4,3
25,1,0,0,0,0,0,1,0,3,3,0,1,1
65,0,0,0,0,1,1,2,0,3,3,0,3,2
72,0,0,0,0,0,0,0,0,1,0,0,4,3
15,0,0,0,0,6,1,2,0,3,3,0,0,1
145,0,0,0,0,0,0,0,0,0,0,0,0,2
68,3,0,0,0,0,0,0,0,0,2,0,3,2
7,3,0,0,0,1,1,0,0,0,1,0,0,2
17,0,0,0,0,1,1,2,0,1,0,0,3,3
22,3,0,25,0,0,0,0,1,0,1,0,4,2
95,1,0,0,0,1,1,2,0,0,1,2,4,2
31,0,0,0,0,2,1,2,0,1,2,0,3,3
32,0,1,0,0,7,1,3,0,7,0,0,2,2
24,0,0,0,0,1,1,2,0,1,0,0,0,3
14,1,1,0,0,0,0,1,0,0,1,0,4,2
137,0,0,0,0,0,0,0,0,0,1,0,0,2
113,3,0,0,0,0,0,0,0,1,2,0,3,3
122,0,0,0,0,0,0,0,0,0,1,0,0,2
128,0,0,0,0,0,0,1,0,1,0,6,0,3
139,0,1,0,0,0,0,2,0,1,4,5,0,3
19,0,0,0,0,0,0,1,0,1,0,5,4,6
78,1,0,0,0,7,1,1,0,0,0,0,4,2
110,1,1,0,0,0,0,0,0,2,3,9,1,0
11,0,0,0,0,2,1,2,0,1,0,0,1,3
84,1,1,0,0,2,1,2,0,0,1,0,1,2
8,1,1,0,0,7,2,0,0,1,0,1,1,3
138,1,0,0,0,0,0,1,0,0,1,0,0,2
74,1,0,0,0,0,0,2,0,0,1,0,0,2
77,3,0,0,0,0,0,0,0,0,1,0,0,2
18,0,0,0,0,1,1,2,0,0,0,0,4,2
141,1,0,0,0,0,0,1,0,0,1,0,4,2
98,0,1,0,0,0,0,0,0,3,3,0,0,1
148,0,0,0,0,0,0,0,0,0,1,0,0,2
12,1,0,24,0,0,0,0,2,1,6,1,4,6
119,1,0,0,0,1,1,1,0,0,0,0,0,2
148,0,1,0,0,3,1,0,0,1,0,0,1,3
10,3,0,0,0,1,1,0,0,0,1,0,3,2
28,3,0,0,0,0,0,0,0,5,6,0,4,4
56,0,0,0,0,3,5,1,0,0,0,0,4,2
21,1,0,0,0,0,0,1,0,0,0,0,0,2
107,3,0,0,0,0,0,0,0,0,2,0,2,1
131,1,1,0,0,1,1,2,0,1,0,0,0,3
137,0,0,0,0,0,0,1,0,1,0,0,3,3
129,0,1,0,0,3,6,3,0,1,0,0,1,3
131,0,0,0,0,3,5,0,0,1,4,0,0,3
62,1,1,0,0,4,2,1,0,2,3,0,0,2
92,0,1,0,0,1,1,2,0,0,0,0,1,2
94,3,0,0,0,0,0,0,0,0,2,0,4,2
24,1,0,0,0,0,0,1,0,0,2,0,0,2
65,3,0,0,0,0,0,0,0,1,2,0,4,3
108,1,1,0,0,0,0,0,0,1,0,0,4,3
128,1,1,0,0,0,0,1,0,0,1,0,2,2
124,0,1,0,0,0,0,0,0,1,0,0,0,3
42,0,0,0,0,1,1,2,0,1,0,0,0,3
76,0,0,0,0,1,1,2,0,1,0,0,3,3
65,0,0,0,0,1,1,2,0,0,0,0,0,2
31,3,0,0,4,2,1,2,0,1,0,0,3,3
128,1,0,0,0,0,0,1,0,0,1,0,0,2
28,3,0,0,0,5,1,1,0,2,3,0,1,2
87,1,0,0,0,0,0,0,0,0,0,0,0,2
117,1,1,0,0,4,2,3,0,0,1,9,0,2
70,0,1,0,0,1,1,3,0,0,1,0,3,2
131,3,0,25,0,0,0,0,1,0,1,0,4,2
67,3,0,0,0,0,0,0,0,0,1,0,4,2
31,1,0,0,0,0,0,1,0,0,2,2,4,2
30,0,0,0,0,3,5,2,0,0,0,0,0,2
98,3,0,0,0,5,1,3,0,2,3,4,0,2
1,1,0,0,0,1,1,2,0,0,1,0,4,2
127,1,0,0,0,0,0,1,0,0,2,0,0,2
104,1,1,0,0,0,0,3,0,0,1,0,2,2
142,0,0,0,0,3,1,2,0,1,0,0,3,3
83,1,0,0,0,1,1,2,0,0,0,0,1,2
124,3,0,0,0,0,0,0,0,6,2,0,4,3
6,0,1,0,0,0,0,2,0,1,4,0,0,3
5,1,0,0,0,0,0,0,0,1,0,1,0,3
127,0,1,0,0,0,0,0,0,0,1,0,0,2
149,0,1,0,0,0,0,0,0,0,1,0,1,2
116,1,0,0,0,0,0,0,0,0,1,0,0,2
57,0,0,0,0,1,1,1,0,1,4,0,4,3
26,1,0,0,0,0,0,1,0,1,0,0,1,2
48,0,0,0,0,0,0,0,0,0,2,0,4,2
79,3,0,0,0,1,1,2,0,0,1,2,4,2
38,0,0,0,0,1,1,2,0,1,2,1,2,3
54,3,0,0,0,0,0,0,0,0,2,0,0,2
71,0,0,0,0,2,1,2,0,1,0,0,0,3
47,1,0,0,0,2,1,2,2,0,1,0,4,2
75,1,0,0,0,7,1,1,0,1,0,1,4,3
55,1,0,0,0,0,0,0,0,1,4,1,0,3
83,0,0,0,0,0,0,0,0,0,0,0,3,2
24,0,0,0,0,1,1,2,0,1,0,0,4,3
77,1,0,0,0,0,0,0,0,1,3,0,3,1
134,1,0,0,0,0,0,0,0,0,1,0,0,2
66,3,0,0,0,0,0,0,0,0,2,0,4,2
107,3,0,0,0,0,0,0,0,0,1,0,0,2
8,0,1,0,0,0,0,2,0,1,4,5,0,3
60,3,0,0,0,0,0,0,0,0,2,0,0,1
130,1,1,0,0,0,0,0,0,1,0,1,0,3
17,1,0,0,0,0,0,1,0,1,2,1,4,6
127,0,0,0,0,0,0,0,0,1,4,0,0,3
30,1,0,25,0,0,0,0,1,6,3,0,4,8
23,1,0,0,0,0,0,1,0,0,1,0,0,2
33,0,0,0,0,1,1,2,0,0,2,2,4,2
23,0,1,0,0,1,1,2,0,3,3,0,0,1
80,0,1,0,0,0,0,3,0,0,1,0,4,2
61,1,0,0,0,3,1,2,0,0,0,0,4,2
65,3,0,0,0,5,1,3,0,2,3,4,1,2
40,1,0,0,0,0,0,1,0,0,1,0,4,2
149,0,1,0,0,0,0,0,0,1,4,0,1,3
106,0,0,0,0,0,0,0,0,0,0,0,3,2
91,0,0,0,0,1,1,2,0,0,0,0,0,2
66,1,1,0,0,0,0,0,0,1,2,1,3,3
60,1,1,12,0,4,2,0,0,1,0,0,4,3
14,1,0,0,0,0,0,1,0,1,4,0,3,3
90,1,0,0,0,0,0,0,0,1,4,0,0,3
8,3,0,0,0,1,1,2,0,3,3,0,4,1
79,1,0,0,0,2,1,2,0,0,0,0,4,2
140,1,0,0,0,0,0,0,0,0,1,0,0,2
90,1,0,0,0,0,0,1,0,0,1,0,4,2
116,0,0,0,0,0,0,0,0,1,0,0,3,3
118,1,0,12,0,4,2,0,3,4,5,1,4,4
48,0,0,0,0,1,1,1,0,3,3,0,1,2
5,0,0,0,0,0,0,0,0,3,3,0,3,0
97,0,0,0,0,0,0,0,0,0,0,0,1,2
139,1,0,0,0,0,0,1,0,0,0,0,1,2
82,0,0,0,0,0,0,0,0,0,1,0,0,2
12,1,0,0,0,1,1,2,0,0,0,0,4,2
3,1,0,0,0,0,0,1,0,0,0,0,4,2
15,1,0,0,0,0,0,0,1,0,0,0,4,3
125,1,1,0,0,0,0,1,0,0,1,0,0,2
85,0,0,0,0,0,0,0,0,3,0,0,4,1
39,0,0,0,0,1,1,0,0,1,4,2,2,3
49,0,1,0,0,0,0,0,0,1,4,0,4,3
70,0,0,0,0,3,0,3,0,0,0,0,4,2
145,3,0,0,0,0,0,0,0,0,0,0,4,2
6,1,0,0,0,0,0,1,0,1,4,0,1,3
119,1,0,0,0,0,0,2,0,0,1,2,1,2
69,1,0,0,0,0,0,0,0,0,2,0,4,2
123,1,0,0,0,1,1,2,0,1,2,1,3,3
140,1,0,0,0,0,0,0,0,0,1,0,2,2
27,0,0,0,0,1,1,0,0,0,0,0,1,2
75,3,0,0,0,0,0,0,0,1,2,0,0,3
19,1,0,0,0,0,0,0,0,1,0,0,0,3
98,0,0,0,0,1,1,0,0,0,1,1,3,2
133,0,0,0,0,0,0,0,0,0,0,0,2,2
113,1,0,0,0,1,1,2,0,0,1,0,2,2
22,3,0,0,0,1,1,2,0,0,2,4,2,2
6,0,0,0,0,1,1,1,0,1,0,0,1,3
82,3,0,0,0,0,0,0,0,0,2,0,2,2
132,0,0,0,0,0,0,1,0,0,1,0,3,2
10,0,0,0,0,1,1,1,0,3,0,6,1,1
20,0,0,0,0,0,0,0,0,0,0,0,4,6
143,0,1,0,0,0,0,0,0,1,0,0,0,3
109,1,0,0,0,0,0,0,0,0,1,0,0,2
134,1,1,0,0,0,0,0,0,0,0,0,0,2
130,0,0,0,0,0,0,0,0,1,0,0,1,3
8,0,1,0,0,7,6,3,0,1,0,0,3,0
94,0,0,0,0,0,0,0,0,0,0,0,4,2
126,3,0,0,0,0,0,0,0,0,1,0,0,2
80,3,0,0,0,0,0,0,0,0,2,0,2,2
29,0,0,0,0,2,1,2,0,1,0,0,4,3
12,1,0,0,0,1,1,2,0,1,0,0,1,3
21,0,0,0,0,0,0,0,0,5,0,0,4,0
116,1,0,0,0,0,0,1,0,0,1,0,0,2
24,0,0,0,0,0,0,0,0,1,0,6,4,3
141,0,0,0,0,0,0,0,0,1,0,0,4,2
51,1,0,0,0,2,1,2,0,1,2,1,0,3
50,0,0,0,0,1,1,2,0,1,0,0,0,3
53,0,1,0,0,0,0,1,0,3,3,0,0,1
42,1,0,0,0,2,1,2,0,1,0,0,4,3
115,1,1,0,0,1,1,2,0,0,0,0,4,3
149,1,1,0,0,7,6,0,0,1,0,0,0,3
103,1,0,0,9,0,0,1,0,0,1,0,0,2
76,0,1,0,0,0,0,0,0,1,4,0,4,3
81,0,1,0,0,0,1,0,0,1,0,0,4,3
69,3,0,0,0,0,0,1,0,0,2,0,2,3
14,1,1,0,0,0,0,0,0,1,0,1,4,3
8,1,0,0,0,0,0,1,0,0,0,0,4,2
134,1,1,0,0,0,0,1,0,0,1,0,2,2
15,0,0,0,0,1,1,2,0,1,0,0,1,3
20,1,0,0,0,0,0,0,0,3,3,1,1,1
116,1,0,0,0,0,0,1,0,0,1,0,0,2
131,0,0,0,0,0,0,0,0,0,0,0,0,2
34,1,0,0,0,0,0,0,0,1,4,0,2,3
18,0,1,0,0,0,0,2,0,3,3,0,1,3
45,1,0,0,0,4,2,3,0,2,3,9,2,2
80,3,0,0,0,0,0,0,0,0,2,0,0,2
76,0,1,0,0,0,0,2,0,1,4,5,0,3
144,0,0,0,0,0,0,0,0,0,1,0,1,2
64,0,0,0,0,0,0,0,0,1,2,0,2,3
18,1,0,0,0,0,0,1,0,1,0,0,4,2
35,3,0,0,0,0,0,1,0,0,1,0,2,2
86,0,0,0,0,0,0,1,0,0,0,0,1,2
27,0,0,0,0,3,5,0,0,0,0,0,2,2
85,1,0,25,0,0,0,0,1,0,1,0,0,2
129,1,0,0,0,0,0,0,0,0,1,0,1,2
136,0,0,0,0,0,0,0,0,0,0,0,1,2
113,0,0,0,0,0,0,0,0,1,0,1,1,3
74,0,1,0,0,0,0,0,0,1,4,5,1,3
8,1,0,0,0,0,0,0,0,6,3,0,0,0
61,0,0,0,0,1,1,2,0,0,0,0,3,2
7,3,0,0,0,1,1,2,0,3,3,0,3,1
79,1,1,0,0,1,1,2,0,0,1,0,4,2
66,1,0,0,0,1,1,1,0,1,4,2,0,3
128,0,0,0,0,1,1,2,0,1,0,0,2,3
145,0,0,0,0,0,0,0,0,0,1,0,0,2
17,0,0,0,0,2,1,2,0,1,0,0,0,3
51,1,0,0,0,0,0,1,0,1,2,0,1,3
120,0,1,0,0,3,1,2,0,1,0,0,1,3
54,3,0,0,0,1,1,2,0,1,0,0,1,3
142,0,1,0,0,7,0,1,0,1,0,0,3,3
82,0,0,0,0,0,0,1,0,0,3,0,0,0
89,1,1,0,0,1,1,2,0,0,1,0,4,2
17,0,0,0,0,0,0,0,0,1,4,1,4,3
24,0,0,0,0,0,0,1,0,1,0,0,4,3
34,0,0,0,0,3,1,2,0,0,0,0,4,2
52,0,0,0,0,1,1,1,0,1,4,2,0,3
118,1,0,0,0,1,1,2,0,0,1,4,0,2
71,1,1,0,0,1,1,2,0,0,0,0,4,2
27,1,0,0,0,1,1,2,0,0,0,0,4,2
81,1,1,0,0,3,1,2,0,1,0,0,5,3
21,1,0,0,0,0,0,1,0,0,2,2,3,2
136,1,0,0,0,3,1,1,0,1,0,0,1,2
24,1,0,0,0,0,0,0,0,1,0,0,0,3
117,1,0,0,0,0,0,0,0,0,2,0,4,2
54,0,0,0,0,0,0,0,0,1,4,1,4,3
118,1,0,0,0,0,0,0,0,0,1,0,0,2
54,1,0,0,0,0,4,1,0,1,0,1,4,3
45,0,1,0,0,0,0,0,0,3,3,0,2,1
18,0,0,0,0,1,1,2,0,1,4,1,4,3
137,0,1,0,0,1,1,2,0,1,4,0,3,3
115,1,0,0,0,1,1,2,0,0,1,4,4,2
137,0,0,0,0,0,0,0,0,1,0,0,1,3
63,3,0,0,0,0,0,0,0,1,0,0,4,3
140,0,1,0,0,3,1,2,0,1,0,0,4,3
23,1,0,0,0,0,0,0,0,1,0,1,0,3
49,0,0,0,4,2,1,2,0,1,2,0,3,3
8,0,0,0,0,1,1,2,0,1,0,0,3,3
22,1,0,0,0,0,0,1,0,1,4,0,0,3
136,1,0,0,0,0,0,0,0,1,0,0,3,3
66,3,0,0,0,0,0,0,0,1,2,0,0,3
15,0,0,0,0,0,0,1,0,1,0,1,1,3
82,1,1,12,0,4,2,0,1,0,0,0,4,6
83,3,0,0,0,0,0,1,0,0,1,0,0,2
92,1,0,0,0,0,1,0,0,0,0,0,0,2
30,1,1,0,0,0,0,0,0,0,1,0,0,2
130,1,0,0,0,0,0,0,0,0,1,0,0,2
26,1,0,0,0,0,0,0,0,1,4,1,1,3
120,3,0,0,0,0,0,0,0,0,2,0,0,2
70,3,0,0,0,0,0,0,0,0,2,0,4,2
130,0,0,0,0,0,0,0,0,0,1,0,4,2
87,1,0,0,0,1,1,2,0,0,0,0,3,2
28,0,0,0,0,3,1,0,0,0,0,0,1,2
56,1,0,0,0,1,1,2,0,1,2,0,0,2
24,0,0,0,0,1,1,2,0,1,2,0,0,3
119,3,0,0,0,1,1,2,0,0,2,1,4,2
31,1,0,0,0,6,1,2,0,1,4,0,0,3
103,3,0,0,0,1,1,2,0,0,2,0,3,2
83,0,0,0,0,2,4,2,0,1,0,0,0,3
14,1,0,0,0,0,0,1,2,0,1,2,4,2
27,0,0,0,0,1,1,2,0,1,0,0,1,3
19,0,0,0,2,1,1,2,0,1,0,0,0,3
13,1,0,25,0,0,0,0,1,0,0,0,2,5
61,1,0,0,0,1,1,2,0,0,0,0,4,2
9,3,0,0,0,0,0,0,0,0,1,0,4,2
14,0,0,0,0,1,1,2,0,0,1,2,4,2
111,1,0,0,0,1,1,2,0,0,1,4,0,2
129,1,0,0,0,0,0,1,0,0,1,0,0,2
122,0,0,0,0,0,0,0,0,0,1,0,0,2
122,0,0,0,0,0,0,0,0,1,0,0,0,2
129,0,0,0,0,0,0,1,0,3,3,0,4,1
26,0,0,12,0,4,2,0,3,1,5,1,4,3
129,0,0,0,0,3,5,1,0,1,0,0,0,3
74,3,0,0,0,0,0,0,0,0,1,0,0,2
91,1,0,0,0,1,1,2,0,1,5,1,4,3
120,0,1,0,0,0,0,0,0,0,0,0,0,2
64,1,0,0,0,0,0,0,0,1,4,1,0,3
77,0,0,0,0,1,1,2,0,0,0,0,0,2
110,1,1,12,0,4,2,2,1,0,0,1,2,2
59,3,0,0,0,0,0,0,0,0,2,0,2,2
20,0,0,0,0,2,1,2,0,1,0,0,4,3
44,0,0,0,0,3,5,0,0,0,0,0,4,2
53,0,1,0,0,0,0,2,0,1,4,5,0,3
6,1,0,25,0,0,0,0,1,0,0,0,0,5
46,0,0,0,0,0,0,0,0,1,2,0,1,3
101,3,0,0,0,0,0,0,0,0,1,0,4,2
11,1,0,0,0,0,0,0,0,0,0,0,4,2
71,1,0,0,0,1,1,2,0,0,1,1,0,2
11,1,0,25,0,0,0,1,2,0,1,0,4,2
26,0,0,0,0,1,1,1,0,3,3,6,1,1
105,1,1,0,0,0,0,0,0,1,4,0,0,3
19,0,0,0,0,1,1,1,0,2,3,0,0,2
134,1,0,0,0,0,0,0,0,0,1,0,2,2
111,1,0,0,0,0,0,1,0,0,1,0,3,2
68,3,0,0,0,0,0,0,0,0,1,0,0,2
119,0,1,0,0,1,1,2,0,1,0,0,4,3
29,1,1,12,0,4,2,0,1,0,1,0,4,2
22,1,0,0,0,1,1,1,0,0,1,0,0,2
146,0,1,0,0,0,0,0,0,0,1,0,1,2
8,0,0,0,0,1,1,2,0,0,0,0,3,2
22,0,0,0,0,2,1,1,0,1,0,0,1,3
102,0,0,0,0,1,1,0,0,0,1,0,1,2
28,0,0,0,0,0,0,1,0,1,0,0,4,3
145,0,0,0,0,0,0,0,0,1,0,0,2,3
97,1,0,0,0,0,0,0,0,0,2,1,3,1
84,1,0,0,0,1,1,2,0,0,1,0,0,2
56,1,0,12,0,4,2,1,2,0,1,0,4,6
60,1,0,0,0,2,4,0,0,1,4,1,0,3
103,1,0,0,0,0,0,0,0,3,3,0,0,0
78,1,1,0,0,1,1,2,0,0,0,0,3,2
21,1,1,0,0,4,2,0,0,3,3,0,0,1
4,0,0,0,0,1,1,2,0,1,0,0,3,3
0,0,1,0,0,0,0,2,0,3,3,0,4,1
67,1,0,0,0,1,1,2,0,0,1,0,3,2
34,0,1,0,0,7,1,1,0,1,0,0,2,3
60,0,0,0,0,0,0,1,0,1,4,0,0,3
149,3,0,25,0,0,0,0,1,0,1,0,4,2
92,1,0,0,0,0,1,2,0,0,0,0,4,2
90,0,0,0,0,1,1,2,0,0,0,0,0,2
83,3,0,0,0,0,0,0,0,3,3,0,3,1
90,1,0,0,0,1,1,2,0,0,2,0,0,2
48,1,0,0,4,2,1,2,0,1,2,1,0,3
57,3,0,0,0,0,0,0,0,1,2,0,3,3
106,3,0,0,0,0,0,0,0,0,0,1,0,2
94,1,0,0,0,4,2,2,0,0,1,2,4,2
114,0,1,0,0,0,0,0,0,3,3,0,3,1
24,0,0,0,0,1,1,0,0,3,3,0,3,0
37,0,0,0,0,0,0,0,0,1,4,1,4,3
127,3,0,0,0,0,0,0,0,0,1,0,0,2
49,3,0,0,4,1,1,2,0,1,2,0,2,3
74,0,1,0,0,0,0,2,0,3,3,0,0,1
87,1,0,0,0,7,2,0,0,1,0,1,0,3
54,0,0,0,0,0,0,1,0,1,0,2,3,3
117,0,0,0,0,0,0,1,0,1,0,6,0,3
77,1,1,12,0,4,2,2,2,0,1,0,4,6
26,0,1,0,0,1,1,2,0,1,0,0,2,3
50,0,0,0,0,0,0,1,0,1,4,1,4,3
91,0,0,0,0,0,0,1,0,0,0,0,3,2
0,0,1,0,0,0,0,0,0,3,3,0,4,1
85,0,0,0,0,0,0,0,0,0,1,0,0,2
8,1,1,0,0,0,0,0,0,1,4,1,0,3
119,1,1,0,0,0,0,3,0,0,1,0,0,2
46,0,0,0,0,1,1,1,0,3,3,0,3,0
54,0,0,0,0,1,1,2,0,1,0,0,2,3
118,1,0,0,0,0,0,0,0,1,4,1,1,3
23,0,0,0,0,3,1,1,0,0,0,0,1,2
149,1,0,0,0,0,0,1,0,1,0,0,4,3
87,3,0,0,0,5,1,3,0,0,1,4,1,2
135,1,0,0,0,0,0,0,0,0,1,0,4,2
143,0,0,0,0,0,0,0,0,0,1,0,4,2
25,0,0,0,0,1,1,1,0,3,3,0,1,1
77,1,1,0,0,1,1,2,0,0,0,0,4,2
87,1,0,0,0,0,0,0,0,1,2,0,0,3
38,0,0,0,0,1,1,1,0,7,0,0,4,7
11,1,0,0,0,0,0,1,0,0,1,0,4,2
133,1,0,0,0,0,0,0,0,0,1,0,0,2
97,0,1,0,1,0,0,0,0,7,3,0,2,7
97,3,0,0,0,0,0,0,0,0,2,0,0,2
47,3,0,0,4,1,1,2,0,1,2,0,3,3
27,0,0,0,0,1,1,2,0,1,0,0,4,3
72,0,0,0,0,2,1,2,0,1,0,0,0,3
134,0,1,0,0,3,1,2,0,1,4,0,0,3
8,0,0,0,0,2,1,2,0,1,0,0,3,3
32,1,0,0,0,1,1,2,0,0,0,0,3,2
100,3,0,0,0,0,0,0,0,0,2,0,4,2
33,0,0,0,0,0,0,1,0,0,0,0,4,2
25,1,0,0,0,0,0,0,0,1,0,0,0,3
0,1,0,0,0,0,0,1,0,0,0,0,4,2
56,0,1,0,0,0,0,1,0,3,3,0,1,0
20,1,0,0,0,0,0,1,0,0,0,0,0,2
146,3,0,0,0,0,0,1,0,0,1,0,0,2
149,0,0,0,0,0,0,0,0,1,0,0,3,3
116,1,0,0,0,0,0,0,0,0,0,0,2,2
132,1,1,0,0,0,0,1,0,1,0,0,0,3
68,1,0,0,0,0,0,1,0,1,0,0,3,3
123,1,0,0,0,0,0,0,0,6,10,0,2,0
137,0,1,0,0,0,0,0,0,1,0,0,0,3
91,0,0,0,0,0,0,0,0,0,0,0,0,2
56,1,0,0,0,1,1,2,0,0,0,0,1,2
61,3,0,0,0,0,0,0,0,1,2,0,3,3
63,3,0,0,0,0,0,0,0,0,2,0,0,2
133,1,0,0,0,2,1,2,0,1,0,0,0,3
66,3,0,0,0,1,1,3,0,0,1,2,4,2
7,0,0,0,0,1,1,2,0,1,4,0,4,3
28,1,1,0,0,0,0,1,0,0,1,2,0,2
6,1,0,0,0,7,8,1,0,0,0,0,2,2
118,3,0,0,0,0,0,0,0,0,1,0,2,2
129,0,1,0,0,1,1,2,0,1,0,0,3,3
123,0,1,0,0,1,1,2,0,1,0,0,1,3
74,1,0,0,0,1,1,0,0,1,0,1,4,3
124,3,0,0,0,0,0,1,0,0,1,0,2,2
13,0,0,0,0,0,0,1,0,3,3,6,4,6
39,3,0,0,0,1,1,2,0,3,3,0,3,2
55,3,0,0,0,1,1,2,0,0,1,4,4,2
39,0,0,0,4,1,1,2,0,1,2,0,4,3
31,1,1,0,0,0,0,0,0,1,4,1,3,3
56,0,0,0,0,0,0,0,0,1,0,0,1,3
15,1,0,0,0,0,0,0,0,1,0,1,4,3
11,0,0,24,0,0,0,0,2,5,6,3,4,6
29,1,0,0,0,0,0,1,0,1,0,0,4,3
13,0,0,0,0,1,1,2,0,1,0,0,3,3
44,0,0,0,0,0,0,1,0,1,4,2,4,3
67,1,0,0,0,1,1,2,0,0,0,0,2,2
74,0,0,0,0,0,0,0,0,3,3,0,1,0
50,1,0,0,0,3,1,0,0,1,0,0,4,2
15,0,1,0,0,1,1,2,0,1,0,0,2,3
133,1,1,0,0,7,2,1,0,0,0,0,0,2
17,0,0,0,0,1,1,0,0,0,2,0,2,2
16,3,0,0,0,1,1,2,0,3,3,0,0,1
147,0,0,0,0,0,0,0,0,1,2,0,0,3
139,0,0,0,0,0,0,0,0,0,1,0,3,2
99,1,1,0,0,0,0,1,0,0,1,2,0,2
63,0,1,0,0,1,1,0,0,1,4,2,0,3
86,0,1,0,0,0,0,2,0,1,4,5,0,3
43,0,0,0,0,0,0,1,0,1,2,1,4,6
29,1,0,0,0,0,1,1,0,1,2,1,4,6
31,1,1,12,0,4,2,0,2,0,6,0,4,6
1,0,0,0,0,1,1,1,0,3,3,6,1,1
51,1,0,0,0,0,0,1,0,1,4,0,0,3
14,1,0,0,0,0,0,1,0,0,1,0,4,2
135,0,1,0,0,7,1,0,0,1,0,0,1,3
12,1,1,0,0,0,0,0,0,3,3,0,4,1
25,1,0,0,0,0,0,0,0,0,0,0,4,2
25,1,0,0,0,0,0,0,0,0,2,1,1,2
31,1,0,0,0,0,0,1,0,1,4,1,4,3
104,1,0,0,0,0,0,0,0,0,0,1,0,2
121,0,0,0,0,0,0,0,0,1,0,0,0,3
34,0,0,0,1,1,1,1,0,7,4,0,4,7
11,0,0,0,0,1,1,1,0,3,3,6,3,1
71,0,1,0,0,0,0,0,0,1,4,1,0,3
120,1,0,0,0,0,0,0,0,0,0,0,0,2
96,0,0,0,0,0,0,0,0,0,0,0,3,2
28,3,0,0,0,1,1,1,0,3,0,2,1,2
21,1,0,0,0,0,0,0,0,1,0,1,1,3
127,3,0,0,0,0,0,0,0,0,2,0,2,2
129,0,0,0,0,0,0,1,0,1,0,0,1,3
42,1,0,0,0,0,0,1,0,0,0,2,0,2
56,3,0,0,0,0,0,0,0,0,2,0,0,3
81,3,0,0,0,0,0,0,0,0,2,0,3,2
129,0,0,0,0,3,0,1,0,1,0,0,0,3
81,1,1,0,0,4,2,2,0,0,0,0,4,6
113,1,0,0,0,0,0,0,0,0,1,0,0,2
121,0,0,0,0,0,0,0,0,1,0,0,3,3
71,0,0,0,0,0,0,0,0,1,2,0,0,3
35,0,0,0,0,1,1,1,0,1,0,0,1,0
20,0,0,0,0,2,1,2,0,1,0,0,1,3
89,3,0,0,0,1,1,2,0,0,2,0,3,2
41,3,0,0,0,1,1,2,0,0,2,0,4,2
38,3,0,0,4,1,1,2,0,1,2,0,3,3
111,1,0,0,0,0,0,1,0,0,1,2,1,2
147,3,0,0,0,0,0,1,0,0,1,0,0,2
91,0,0,0,0,1,1,2,0,0,2,0,0,2
59,1,0,0,0,0,0,1,0,0,0,0,0,2
11,3,0,0,0,1,1,2,0,0,2,2,1,2
114,3,0,0,0,0,0,0,0,0,0,0,3,2
12,0,0,0,0,1,1,2,0,3,3,0,0,1
70,0,0,0,0,2,1,2,0,1,0,0,0,3
118,0,1,0,0,1,1,2,0,1,4,0,4,3
131,0,0,0,0,0,0,1,0,0,2,0,0,2
22,0,0,0,0,1,1,2,0,1,2,0,2,0
108,3,0,0,0,0,0,0,0,1,0,0,1,3
98,1,0,0,0,1,1,2,0,1,0,0,2,3
103,1,1,0,0,0,0,1,0,2,3,9,0,2
56,0,0,0,0,3,1,1,0,3,3,6,4,1
5,1,0,25,0,0,0,0,1,2,3,0,4,0
0,0,0,0,0,0,0,0,0,3,3,0,1,1
75,1,0,0,0,0,0,1,0,1,0,0,1,3
50,0,0,0,0,0,0,1,0,1,4,0,4,3
5,1,0,0,0,1,1,0,0,0,1,0,3,2
119,1,0,0,0,0,0,1,0,0,1,0,2,2
10,0,0,0,0,2,1,2,0,1,4,0,4,3
140,0,0,0,0,0,0,0,0,0,0,0,4,2
137,0,0,0,0,0,0,0,0,0,2,0,1,0
12,0,1,0,0,1,1,2,0,3,3,0,0,1
102,1,0,0,0,0,0,0,0,0,1,1,2,2
66,1,0,0,0,3,1,1,0,1,2,0,1,3
75,3,0,0,0,0,0,1,0,0,1,0,3,2
15,0,0,0,0,1,1,2,0,0,2,0,1,0
139,0,1,0,0,0,0,2,0,1,4,0,0,3
18,1,0,0,0,0,0,0,0,1,0,0,3,3
46,1,1,0,0,0,0,0,0,1,2,1,4,3
133,3,0,25,0,0,0,0,1,0,6,0,4,0
33,0,0,0,0,1,1,2,0,0,2,0,4,2
91,0,0,0,2,1,1,2,0,2,2,1,4,2
15,1,0,0,0,0,0,1,0,0,1,0,0,2
67,0,0,0,0,0,0,1,0,0,0,0,1,1
22,0,1,0,0,2,1,2,0,1,4,0,1,3
110,1,0,0,0,0,0,1,0,3,3,0,1,0
55,0,0,0,0,2,1,2,0,1,0,0,1,3
65,0,0,0,0,1,1,2,0,0,1,0,0,2
114,0,0,0,0,0,0,0,0,0,0,0,1,2
107,3,0,0,0,0,0,0,0,0,0,0,4,3
73,1,0,0,0,3,4,1,0,1,0,1,4,3
125,0,0,0,0,2,1,2,0,1,0,0,0,3
128,0,0,0,0,0,0,1,0,0,1,0,4,2
135,0,0,0,0,0,0,1,0,1,4,0,1,3
10,1,0,0,0,0,0,1,0,0,0,0,5,2
20,0,0,0,0,0,0,1,0,1,2,0,4,6
137,0,0,0,0,0,0,1,0,1,0,0,1,3
26,3,0,0,2,1,1,2,0,1,2,0,4,3
113,1,0,0,0,0,0,0,0,1,4,0,0,3
79,0,0,0,0,2,4,1,0,1,0,0,0,3
72,1,0,0,0,1,1,2,0,0,0,0,4,2
56,3,0,0,0,0,0,0,0,1,4,0,0,3
135,1,0,0,0,0,0,0,0,3,3,0,3,1
82,1,1,12,0,4,2,0,1,0,5,0,4,6
75,1,1,0,0,7,6,0,0,1,0,1,3,3
112,0,1,0,0,0,0,0,0,1,4,0,0,3
6,0,0,0,0,1,1,2,0,1,4,2,4,3
35,1,0,0,0,0,0,1,0,1,4,0,4,3
19,0,0,0,0,1,1,2,0,3,3,6,4,1
118,1,0,0,0,0,0,0,0,0,2,0,1,2
122,1,1,0,0,0,0,0,0,0,1,0,0,2
73,1,0,0,0,1,1,2,0,0,1,1,4,2
149,0,1,0,0,2,1,2,0,1,0,0,0,3
5,0,0,0,0,1,1,2,0,1,2,1,4,3
85,1,1,0,0,0,0,1,0,0,1,0,0,2
16,1,0,0,0,0,0,1,0,0,1,0,4,2
11,1,0,0,0,0,0,0,0,1,0,1,0,3
26,1,0,0,0,1,1,2,0,0,1,2,4,2
50,1,0,0,0,0,0,1,1,3,3,9,0,1
69,3,0,0,0,1,1,2,0,0,1,2,0,2
23,1,0,0,0,0,0,0,0,1,0,0,1,3
32,0,0,0,0,0,0,1,0,3,3,0,1,0
14,0,0,0,0,2,1,2,0,1,0,0,1,3
31,1,1,0,0,0,0,2,0,3,3,0,2,1
39,0,1,0,0,0,0,2,0,1,4,5,1,3
45,1,0,0,0,0,0,1,0,3,3,0,0,1
134,1,0,0,0,0,0,1,0,0,1,0,4,2
83,0,1,0,0,0,0,0,0,0,1,0,2,2
65,3,0,0,0,0,0,0,0,1,2,0,0,3
18,0,0,12,0,4,2,0,2,2,5,0,4,6
98,3,0,0,0,0,0,0,0,0,2,0,4,2
19,0,0,0,0,1,1,1,0,1,0,2,3,3
117,0,0,0,0,0,0,1,0,0,2,0,1,2
81,3,0,0,0,0,0,0,0,3,3,0,3,1
131,3,0,0,0,0,0,0,0,1,2,0,0,3
50,3,0,0,0,1,1,0,0,0,1,0,3,2
32,1,0,0,0,0,0,0,0,0,0,0,0,2
138,1,0,0,0,0,0,1,0,0,1,0,4,2
101,1,1,0,0,0,0,0,0,0,0,1,0,2
143,0,1,0,0,0,0,0,0,0,1,0,2,2
129,1,0,0,0,0,0,0,0,1,4,0,4,3
111,1,0,0,0,0,0,0,0,1,2,0,2,3
86,0,0,0,0,0,0,0,0,1,4,0,4,3
140,0,1,0,0,2,1,2,0,1,0,0,4,3
40,0,0,0,0,3,1,1,0,0,0,0,1,2
35,0,0,0,0,0,0,0,0,1,4,0,4,3
145,0,1,0,0,0,0,0,0,0,1,0,0,2
146,3,0,0,0,0,0,1,0,0,1,0,0,2
37,0,0,0,0,1,1,2,0,0,2,0,2,2
38,1,0,0,0,1,1,2,0,0,1,0,4,2
142,1,1,0,0,0,0,0,0,0,0,0,0,2
48,1,0,0,0,2,1,2,0,1,2,0,1,3
19,1,0,0,0,0,0,0,0,1,4,1,0,3
96,1,0,0,0,2,1,2,0,0,1,0,4,2
118,1,1,12,0,4,2,0,2,0,1,0,4,2
27,0,0,0,0,1,1,2,0,1,4,0,0,3
29,1,0,0,0,0,0,0,0,3,3,0,0,1
23,0,0,0,0,0,0,0,0,1,2,0,4,3
5,0,1,0,0,0,0,2,0,1,4,5,4,3
43,0,0,0,0,0,0,0,0,3,3,0,7,1
127,1,0,0,0,0,0,1,0,0,1,0,0,2
95,3,0,0,0,0,0,0,0,0,2,1,3,1
4,1,0,0,0,0,0,1,0,0,0,0,1,2
61,0,0,0,0,1,1,2,0,1,0,0,3,3
68,3,0,0,0,0,0,1,0,0,1,0,4,2
14,0,0,0,0,2,1,2,0,1,0,0,4,3
118,1,0,0,0,0,0,1,0,0,0,0,1,2
132,0,1,0,0,0,0,0,0,0,0,0,1,2
32,1,0,0,0,0,0,0,0,0,2,0,1,2
15,1,0,0,0,1,1,0,0,0,1,0,4,2
108,0,0,0,0,0,0,0,0,0,1,0,0,2
117,1,0,0,0,0,0,1,0,0,0,0,1,2
127,1,0,25,0,0,0,1,1,0,1,0,4,2
115,1,0,12,0,4,2,2,1,2,3,4,4,6
15,1,0,0,0,0,0,1,0,1,0,0,4,2
29,0,0,0,0,0,0,0,0,1,0,0,4,3
104,0,0,0,0,2,1,2,0,1,0,0,0,3
95,1,0,0,0,0,0,0,0,0,0,0,1,2
105,1,1,12,0,4,2,0,2,0,0,0,4,6
6,1,0,0,0,0,0,0,0,0,1,0,0,2
5,3,0,0,0,0,0,0,0,0,2,3,4,6
36,0,0,0,0,0,5,0,0,0,0,0,0,2
65,1,0,0,0,0,0,0,0,1,2,0,0,3
86,1,1,0,0,0,0,3,0,0,0,0,0,2
54,1,0,0,0,1,2,3,0,2,3,0,3,2
14,0,1,24,0,0,0,0,2,5,6,3,4,6
145,0,1,0,0,2,1,2,0,1,0,0,0,3
26,0,0,0,0,1,1,2,0,1,2,2,0,2
147,1,1,0,0,0,0,0,0,1,0,1,4,3
53,0,1,0,0,1,1,2,0,1,0,0,4,6
64,1,0,0,0,0,0,1,0,0,1,0,0,2
135,1,0,0,0,1,1,3,0,2,3,4,3,2
56,3,0,0,0,0,0,0,0,0,2,0,4,2
46,3,0,0,0,0,0,0,0,0,2,0,4,2
90,1,1,12,0,4,1,2,0,0,1,0,4,2
38,1,0,0,0,0,0,1,0,0,1,0,4,2
82,3,0,0,0,0,0,0,0,0,1,0,0,2
102,3,0,0,0,1,1,2,0,0,2,0,4,2
7,0,0,0,0,2,1,2,0,1,0,0,4,3
136,1,0,0,0,7,1,2,0,0,1,0,0,2
72,0,1,12,0,4,2,0,2,2,6,0,4,6
36,1,1,0,0,7,2,0,0,1,3,0,2,3
131,3,0,0,0,0,0,1,0,0,1,0,3,2
97,1,0,0,0,4,0,0,0,2,6,1,4,6
18,1,0,0,0,0,0,1,0,0,0,0,1,2
31,1,0,0,0,0,0,1,0,0,2,0,2,2
137,1,0,0,0,0,0,0,0,0,1,0,0,2
71,1,1,0,0,0,0,0,0,1,4,1,4,3
131,1,0,0,0,0,0,0,0,0,2,0,0,2
111,1,0,0,0,0,0,1,0,0,0,0,4,2
57,1,0,0,0,0,0,1,0,1,2,2,3,3
116,0,0,0,0,1,1,0,0,1,0,0,3,3
149,0,0,0,0,0,0,1,0,0,0,0,0,2
51,0,0,0,0,1,1,2,0,1,2,0,4,6
106,0,0,0,0,2,1,2,0,1,0,0,0,3
139,0,1,0,5,0,0,0,0,1,0,0,1,3
71,0,1,0,0,0,0,1,0,1,4,0,0,3
135,1,1,0,0,7,6,0,0,1,0,0,4,3
14,0,1,0,0,1,1,2,0,1,0,0,4,3
112,0,0,0,0,0,0,0,0,0,0,0,3,2
79,0,0,0,0,1,1,1,0,1,4,2,4,3
80,3,0,0,0,1,1,0,0,0,1,0,1,2
68,1,0,0,0,2,1,2,0,1,2,0,2,3
90,1,0,0,0,0,0,0,0,3,3,1,1,1
10,0,0,0,0,6,1,2,0,3,3,0,0,1
139,0,1,0,0,0,0,0,0,1,4,0,2,3
17,0,1,0,0,0,0,0,0,3,3,0,0,1
118,3,0,0,0,0,0,0,0,0,2,0,1,2
112,3,0,0,0,0,0,0,0,1,4,0,3,3
128,0,0,0,0,0,0,0,0,0,0,0,3,2
80,1,0,0,0,0,0,0,0,1,2,0,2,3
140,3,0,0,0,0,0,0,0,0,2,0,0,1
139,0,1,0,0,0,0,0,0,1,4,0,0,3
11,1,0,0,0,0,0,1,0,0,0,1,0,2
65,0,0,0,0,0,0,0,0,1,0,0,0,3
73,0,1,0,0,0,0,0,0,1,4,0,0,3
18,1,0,0,0,1,1,1,0,0,1,0,0,2
19,0,0,0,0,1,1,2,0,3,3,6,0,1
23,0,0,0,0,2,1,2,0,1,2,0,3,3
18,0,0,0,0,1,1,2,0,1,0,0,0,3
62,1,0,0,0,0,0,1,0,1,0,2,3,3
107,1,0,0,0,0,0,1,0,3,3,0,3,1
149,3,0,0,0,0,0,1,0,0,1,0,0,2
25,0,0,0,0,1,1,0,0,1,0,1,4,6
119,0,0,0,0,0,0,0,0,1,0,0,3,3
112,3,0,0,0,0,0,0,0,0,2,0,3,2
98,0,0,0,0,0,0,0,0,3,2,0,3,1
42,3,0,25,0,0,0,0,2,0,6,0,4,6
132,3,0,0,0,0,0,0,0,0,0,0,0,2
135,0,1,0,0,0,0,0,0,1,0,0,1,3
123,1,1,0,0,0,0,3,0,0,1,0,4,2
116,1,1,0,0,1,1,2,0,0,1,0,1,2
43,0,0,0,0,0,0,1,0,1,0,0,4,3
146,3,0,0,0,0,0,1,0,0,1,0,0,2
16,1,0,0,0,1,1,2,0,0,1,0,2,2
92,0,0,0,0,0,0,0,0,1,4,0,4,3
2,1,0,25,0,0,0,0,1,5,6,1,4,4
5,1,1,12,0,4,2,0,3,3,3,0,0,1
102,0,1,0,0,1,5,3,0,0,0,0,4,2
45,0,0,0,0,1,1,2,0,1,0,0,3,3
45,0,0,0,0,1,1,0,0,3,3,0,4,1
8,1,1,0,0,1,1,0,0,0,0,1,1,0
113,1,0,0,0,1,0,0,0,0,1,0,0,2
79,1,0,0,0,0,0,0,0,0,2,0,4,2
53,0,0,0,0,0,0,1,0,0,0,0,3,2
38,0,0,0,0,0,0,1,0,1,2,1,4,3
19,0,0,0,0,0,0,1,0,3,3,0,4,6
138,0,1,0,0,2,1,2,0,1,4,0,0,3
31,0,0,0,0,1,1,2,0,1,0,0,4,2
92,1,1,0,0,0,0,0,0,0,0,0,4,2
3,1,1,12,0,4,2,0,1,2,5,0,4,4
127,1,0,0,0,0,0,1,0,0,1,0,0,2
16,0,0,0,0,2,1,2,0,1,0,0,0,3
50,1,0,0,0,0,0,1,0,1,2,1,0,3
76,3,0,0,0,1,1,2,0,0,2,0,3,2
38,0,0,0,0,1,1,2,0,1,4,0,4,3
149,3,0,0,0,0,0,1,0,0,1,0,1,2
86,0,1,0,0,1,1,2,0,1,0,0,3,2
115,1,1,0,0,2,1,2,0,0,1,0,0,2
31,3,0,0,0,1,1,2,0,3,2,0,4,2
65,3,0,0,0,0,0,0,0,0,2,0,4,2
140,0,0,0,0,0,0,0,0,0,1,0,2,2
116,1,1,12,0,4,2,0,1,0,0,0,0,2
36,1,1,0,0,0,0,3,0,0,0,0,4,2
94,0,1,0,0,0,0,0,0,0,0,0,0,2
25,0,0,0,0,0,0,0,0,3,3,0,4,8
10,0,1,0,0,0,0,2,0,3,4,0,0,3
95,1,0,12,0,4,2,0,3,4,5,1,4,4
101,1,0,25,0,0,0,0,1,0,1,0,2,2
60,0,1,0,0,0,0,2,0,1,4,0,3,3
90,0,0,0,0,1,1,2,0,0,0,1,0,2
92,0,0,0,0,1,1,0,0,0,0,0,3,2
2,1,0,0,0,0,0,0,0,1,0,1,1,3
137,1,0,0,0,0,0,0,0,0,1,0,0,2
143,0,0,0,0,0,0,0,0,0,0,0,0,2
72,0,0,0,0,0,0,0,0,0,2,0,4,2
129,0,0,0,0,0,0,0,0,0,0,0,2,2
16,1,0,0,0,0,0,1,0,0,1,0,0,2
115,1,0,0,0,0,0,0,0,0,2,0,4,3
127,0,1,0,0,0,0,0,0,0,1,0,1,2
133,0,0,0,0,0,0,0,0,0,0,0,4,2
18,1,0,0,0,0,0,1,0,0,2,0,0,2
72,0,0,0,0,1,1,2,0,0,0,0,2,2
72,1,0,0,0,1,1,2,0,1,0,0,3,3
113,3,0,0,0,0,0,0,0,0,2,0,0,2
90,1,1,12,0,4,2,0,0,4,5,1,4,3
58,3,0,0,0,0,0,0,0,0,2,0,0,1
140,0,0,0,0,0,0,1,0,0,1,0,1,2
37,0,0,24,0,0,0,0,2,2,6,0,4,6
136,1,0,0,0,0,0,0,0,0,1,0,0,2
6,0,0,0,0,1,1,0,0,0,1,1,4,2
57,3,0,0,0,1,1,2,0,1,0,0,1,3
62,1,0,0,0,2,1,2,0,1,0,0,1,3
128,0,1,0,0,2,1,2,0,1,0,0,1,3
49,1,0,0,0,7,0,1,0,1,4,1,0,3
22,1,0,0,0,0,0,1,0,0,2,0,0,2
50,0,0,0,0,0,0,0,0,1,0,0,3,3
58,0,1,0,0,1,0,0,0,1,4,0,0,3
58,1,0,0,0,0,0,0,0,1,2,2,1,3
109,1,0,0,2,1,1,2,0,0,2,1,0,2
44,1,1,0,0,3,1,1,0,0,0,0,4,6
149,0,0,0,0,0,0,0,0,0,0,0,1,2
82,0,1,0,0,0,0,2,0,1,4,0,1,3
0,0,0,0,0,1,1,2,0,1,0,0,1,3
133,1,1,0,0,7,2,1,0,1,4,0,2,3
103,0,0,12,0,4,2,2,0,4,5,0,4,4
117,3,0,0,0,0,0,0,0,0,1,0,4,2
67,0,0,0,0,0,1,1,0,1,4,0,4,3
1,0,1,0,0,0,0,2,0,3,3,0,1,1
83,1,0,0,0,1,1,2,0,1,2,0,4,3
18,1,0,0,0,1,1,2,0,0,1,1,0,2
101,1,0,0,0,1,1,2,0,0,1,4,0,2
66,0,0,0,0,0,0,1,0,1,0,0,1,3
128,3,0,0,0,1,1,2,0,0,2,0,4,3
129,1,0,0,0,0,0,0,0,0,1,0,4,2
25,1,0,0,0,0,0,0,0,1,2,1,4,3
41,1,0,0,0,0,0,0,0,1,4,1,1,3
120,0,1,0,0,0,0,0,0,1,4,1,3,3
84,3,0,0,0,1,1,2,0,0,1,1,3,2
95,3,0,0,0,0,0,0,0,1,2,0,4,1
39,0,0,0,0,1,1,2,0,0,0,0,3,2
58,1,0,0,0,0,0,1,0,1,2,1,0,3
0,0,0,0,0,2,1,2,0,1,0,0,3,3
19,1,0,0,0,0,0,0,1,0,0,0,0,3
56,0,1,0,0,7,6,3,0,1,0,0,3,3
76,1,0,0,0,0,0,0,0,1,2,1,1,3
63,0,0,0,0,0,0,0,0,1,4,2,0,3
103,0,1,0,0,1,1,0,0,0,0,0,1,2
113,0,0,0,0,0,0,0,0,1,2,1,4,3
129,0,1,0,0,7,6,3,0,1,0,0,1,3
92,0,1,0,0,0,0,3,0,1,0,0,0,3
112,1,0,0,0,1,1,2,0,0,1,0,0,2
92,1,1,0,0,1,1,2,0,0,0,0,1,2
141,1,0,0,0,0,0,0,0,0,1,0,0,2
18,0,1,0,0,2,1,2,0,1,0,0,1,3
32,0,0,0,0,1,1,2,0,0,1,0,3,2
109,3,0,0,0,0,0,0,0,0,0,0,0,2
71,1,1,0,0,3,1,1,0,1,4,0,2,3
129,1,0,0,0,0,0,1,0,1,0,1,0,3
15,0,0,0,0,1,1,2,0,3,3,0,4,1
45,0,0,0,0,1,1,0,0,1,4,2,4,3
21,0,0,0,0,1,1,0,0,1,2,2,0,3
94,1,0,0,0,0,0,0,0,3,3,0,1,1
137,0,0,0,0,0,0,0,0,0,1,0,0,2
76,1,1,0,0,1,1,2,0,0,1,0,0,2
119,1,0,0,0,1,1,2,0,0,1,0,3,2
55,1,0,0,0,1,1,2,0,0,1,2,1,2
130,3,0,0,0,0,0,1,0,0,1,0,0,2
70,3,0,0,0,1,1,2,0,0,1,4,2,2
38,3,0,0,0,1,1,0,0,0,2,2,4,2
76,0,1,0,0,0,0,2,0,1,4,5,0,3
11,1,1,0,0,0,0,1,0,0,1,2,5,2
50,1,0,0,0,2,1,2,0,1,0,0,3,3
121,1,1,0,0,3,1,0,0,1,0,1,2,3
29,0,1,0,0,0,0,1,0,3,3,0,3,1
16,1,0,0,0,1,1,1,0,0,1,2,4,2
145,0,0,0,0,0,0,1,0,1,4,5,4,3
149,0,1,0,0,2,1,1,0,1,0,0,1,3
25,0,0,0,0,1,1,2,0,1,4,0,4,3
111,0,0,0,0,0,0,0,0,0,1,0,0,2
20,3,0,0,0,1,1,0,0,0,1,1,0,2
106,1,1,0,0,0,0,3,0,0,1,0,1,2
22,1,1,12,0,4,2,0,3,4,5,1,4,4
149,0,1,0,0,0,1,1,0,1,0,0,1,3
16,1,0,0,0,0,0,0,0,1,4,1,0,8
128,1,1,0,0,0,0,0,0,0,0,1,0,2
77,3,0,0,0,0,0,0,0,0,2,0,0,3
81,3,0,0,0,0,0,1,0,0,2,0,1,2
109,1,0,0,0,0,0,0,0,0,0,0,3,2
134,0,0,0,0,0,0,1,0,1,0,0,1,3
69,3,0,0,0,0,0,1,0,0,1,0,0,2
73,3,0,0,0,1,1,2,0,0,0,0,3,2
79,0,0,0,0,0,0,0,0,1,0,1,1,3
75,0,0,0,0,3,1,1,0,1,0,0,4,3
136,3,0,0,0,0,0,0,0,0,1,0,0,2
149,1,0,0,0,0,0,0,0,0,1,0,0,2
144,0,1,0,0,0,0,0,0,0,1,0,0,2
101,1,0,0,9,0,0,1,0,0,1,0,0,2
35,0,0,0,0,1,1,2,0,1,0,0,0,3
125,1,0,0,0,0,0,1,0,0,1,0,1,2
26,1,1,0,0,0,0,0,0,0,0,0,4,2
53,0,0,0,0,1,1,2,0,0,0,0,1,2
145,0,0,0,0,0,0,0,0,0,0,0,4,2
102,3,0,0,0,0,0,0,0,1,2,0,3,1
139,1,0,0,0,0,0,0,0,0,0,0,0,2
57,3,0,0,0,0,0,1,0,1,0,0,3,1
21,3,0,0,0,1,1,0,0,0,1,0,1,0
136,0,0,0,0,0,0,1,0,0,1,0,0,2
48,1,0,0,0,0,0,1,0,0,2,1,4,6
29,0,0,0,0,0,0,1,0,1,0,0,1,3
65,3,0,0,0,0,0,1,0,1,0,0,0,3
68,1,0,0,0,0,0,1,0,0,2,0,2,2
99,1,0,0,0,1,1,2,0,0,1,0,0,2
92,1,1,0,0,1,1,2,0,0,1,0,3,2
69,1,0,0,0,0,0,1,0,1,0,1,4,3
8,0,0,0,0,1,1,0,0,0,2,2,2,0
54,0,0,0,0,0,4,1,0,1,4,0,0,3
143,0,1,0,0,1,1,2,0,1,0,0,1,3
57,3,0,0,0,0,0,0,0,0,2,0,0,2
61,3,0,0,0,0,0,1,0,0,1,0,4,2
78,1,0,0,0,0,0,0,0,0,1,0,0,2
35,1,0,0,0,0,0,0,0,1,4,2,4,3
118,3,0,0,0,0,0,0,0,0,1,0,4,2
73,0,1,0,0,0,0,0,0,1,4,0,1,3
22,0,1,0,0,1,1,2,0,1,0,0,1,3
20,1,1,0,0,0,0,0,0,2,3,0,2,2
88,1,0,0,0,1,1,2,0,0,1,0,0,2
28,0,0,0,0,1,1,1,0,0,0,0,4,6
28,0,0,0,0,3,5,0,0,1,0,0,1,3
6,3,0,0,0,1,1,0,0,0,1,0,2,2
146,0,1,0,0,0,0,1,0,1,4,0,1,3
131,1,0,0,0,0,0,0,0,0,1,0,4,2
149,0,1,0,0,2,1,2,0,1,0,0,4,3
113,0,0,0,0,3,5,0,0,1,0,0,3,3
71,1,0,0,0,2,1,2,0,1,0,0,2,3
46,0,0,0,0,1,1,2,0,2,2,1,4,2
30,3,0,0,0,0,0,0,0,0,1,0,4,2
63,0,0,0,0,0,0,0,0,1,4,0,1,3
107,1,0,0,0,1,1,2,0,0,1,0,1,2
29,0,0,0,0,0,0,1,0,0,2,0,3,2
87,0,0,0,0,0,0,0,0,3,3,0,3,1
49,1,1,0,0,0,0,0,0,1,4,0,2,3
17,0,0,0,0,1,1,2,0,1,0,0,4,3
91,1,0,0,0,0,0,1,0,0,2,0,0,2
100,1,0,0,0,2,1,2,0,0,1,0,4,2
11,0,0,0,0,1,1,2,0,1,4,0,4,3
106,1,0,0,0,0,1,1,0,0,1,0,1,2
19,0,0,0,0,0,0,0,0,1,0,0,4,3
99,0,0,0,0,0,0,0,0,0,1,0,3,2
138,3,0,0,0,0,0,0,0,0,1,0,0,2
35,1,0,0,0,0,0,1,0,1,4,0,0,3
133,1,0,0,0,0,0,0,0,1,0,1,0,3
77,0,0,0,0,1,1,1,0,3,3,0,3,2
11,0,0,0,0,3,5,0,0,0,0,0,0,2
89,1,0,0,0,0,0,0,0,0,1,0,1,2
14,0,1,0,0,1,1,2,0,3,4,0,1,1
147,0,0,0,0,0,0,0,0,0,1,0,0,2
72,1,0,0,0,1,1,2,0,0,0,0,4,2
122,1,0,0,0,7,0,1,0,1,0,0,0,3
125,0,0,0,0,1,1,2,0,1,0,0,3,3
80,0,1,0,0,0,0,0,0,1,4,1,0,3
104,3,0,0,0,0,0,1,0,0,3,0,3,2
101,3,0,0,0,0,0,0,0,0,0,0,0,2
31,0,0,0,0,0,0,0,0,1,2,2,0,3
23,0,1,0,0,1,1,2,0,1,4,0,4,3
141,0,1,0,0,0,0,0,0,1,0,1,0,3
64,0,1,0,0,0,0,0,0,1,4,1,4,3
146,3,0,0,0,0,0,0,0,0,1,0,2,2
76,0,0,0,0,3,1,1,0,1,0,0,3,3
44,0,0,0,0,1,1,2,0,1,0,0,4,6
140,0,1,0,0,0,0,0,0,1,4,0,1,3
125,1,0,0,0,1,1,2,0,0,2,0,3,2
80,1,0,0,0,1,1,2,0,0,1,0,4,2
106,1,0,0,9,0,0,1,0,0,1,2,4,2
90,3,0,0,0,0,0,0,0,0,1,0,0,2
96,1,0,0,0,1,1,2,0,1,0,0,1,3
36,0,0,0,0,1,1,0,0,0,1,0,0,2
106,1,1,0,0,4,2,3,0,0,1,0,2,2
6,0,0,0,0,1,1,1,0,3,3,6,3,1
122,1,1,0,0,7,1,1,0,1,0,0,2,3
132,0,0,0,0,0,0,0,0,1,0,0,1,3
50,3,0,0,0,1,1,2,0,0,2,2,1,2
86,0,0,0,0,0,0,0,0,1,0,0,2,3
106,0,1,0,0,0,0,0,0,0,0,0,1,2
38,1,1,0,0,1,1,2,0,0,1,0,4,6
47,3,0,0,0,0,0,1,0,1,0,0,1,3
3,0,0,0,0,1,2,0,0,2,0,0,4,6
21,1,1,12,0,4,2,0,1,0,0,0,0,2
149,3,0,0,0,0,0,1,0,0,1,0,2,2
113,1,0,25,0,0,0,1,0,0,1,0,0,2
95,0,0,0,0,0,0,0,0,3,3,0,1,0
62,1,0,0,0,0,0,1,0,1,4,1,0,3
83,3,0,0,0,1,1,0,0,0,1,1,0,2
45,1,0,0,0,0,0,1,0,1,2,0,0,3
108,0,0,0,0,0,0,0,0,1,0,1,4,3
15,0,0,0,0,1,1,2,0,1,0,0,4,3
75,0,0,0,0,0,0,0,0,1,2,0,1,3
132,1,0,0,0,0,0,0,0,0,0,1,0,2
12,0,0,0,0,2,1,2,0,1,0,0,1,3
81,0,1,0,0,1,1,2,0,1,4,0,0,3
10,0,0,0,0,1,1,2,0,1,4,0,4,3
108,0,1,0,0,1,2,2,0,0,0,0,4,2
133,0,1,0,0,0,0,1,0,0,0,0,1,2
118,0,0,0,0,0,0,1,0,0,1,0,1,2
39,1,0,0,0,0,0,1,0,1,2,2,4,3
96,3,0,0,0,0,0,0,0,0,2,0,2,5
83,1,0,0,0,1,1,2,0,0,0,0,0,2
133,1,0,0,0,0,0,1,0,0,0,0,0,2
129,0,0,0,0,0,0,0,0,0,1,0,4,2
72,3,1,0,0,0,0,0,0,1,4,0,1,3
22,0,0,0,0,1,1,2,0,1,0,0,0,3
77,1,0,0,0,1,1,2,0,0,0,0,0,2
15,3,0,0,0,0,0,1,0,0,2,0,2,2
44,1,0,0,0,0,0,1,0,1,2,2,3,3
65,0,0,0,0,2,1,2,0,1,4,0,0,3
30,0,0,0,0,1,1,2,0,1,0,0,1,3
66,0,0,0,0,0,5,0,0,0,0,0,3,2
19,1,0,0,0,0,8,1,0,0,1,2,4,2
83,1,0,0,0,1,1,2,0,0,1,0,4,2
7,0,1,0,0,0,0,0,0,1,4,0,3,3
96,1,1,0,0,4,2,2,0,0,1,0,0,2
59,0,0,0,0,0,0,0,0,0,2,0,2,2
42,0,0,0,0,1,1,2,0,1,4,0,4,3
6,0,0,0,0,1,1,2,0,1,0,0,1,3
81,1,0,0,0,0,0,1,0,0,1,0,4,2
38,0,0,0,0,2,1,2,0,1,2,0,2,3
145,3,0,0,0,0,0,1,0,0,1,0,4,2
73,3,0,0,0,0,0,0,0,1,2,0,2,1
128,3,0,0,0,0,0,0,0,0,1,0,1,2
27,0,0,0,0,2,1,2,0,1,2,1,4,3
144,0,1,0,0,7,1,1,0,1,0,0,0,3
105,1,0,0,0,0,0,1,0,1,2,2,1,3
111,1,0,0,0,0,0,1,0,0,1,0,1,2
63,1,0,0,0,0,0,0,0,1,2,1,4,3
145,0,1,0,0,0,0,0,0,1,0,0,0,3
99,3,0,25,0,0,0,0,1,0,1,0,4,0
94,0,1,0,0,0,0,3,0,0,0,0,1,2
116,3,0,0,0,1,1,2,0,0,1,4,3,2
0,1,0,0,0,1,1,2,0,0,0,0,4,2
48,0,0,0,0,1,1,0,0,1,4,0,0,3
115,0,0,0,0,0,0,0,0,1,0,0,0,3
113,0,0,0,0,0,0,0,0,0,0,0,0,2
87,3,0,0,0,0,0,1,0,0,2,0,0,2
127,1,1,0,0,0,0,0,1,0,1,0,4,2
105,0,1,0,0,0,0,0,0,3,3,0,3,1
40,0,0,0,0,3,1,0,0,0,0,0,3,2
114,1,0,0,0,2,1,2,0,0,1,0,4,2
39,0,0,0,0,0,0,1,0,0,2,0,4,2
38,1,0,0,0,1,1,1,0,1,0,1,4,3
106,0,1,0,0,0,0,0,0,0,0,0,1,2
77,0,0,0,0,0,0,0,0,3,0,0,0,1
144,1,0,0,0,0,0,1,0,1,0,0,0,3
74,0,0,0,0,0,0,0,0,1,2,1,1,3
15,1,0,0,0,0,0,1,0,0,2,0,0,2
61,1,0,0,0,3,1,1,0,1,0,0,4,3
127,0,0,0,0,0,0,1,0,0,1,0,3,2
80,3,0,0,0,0,0,0,0,0,2,0,0,1
130,1,0,0,0,0,0,0,0,1,0,0,1,3
94,1,0,0,0,0,0,0,0,1,4,0,0,3
71,1,0,0,0,1,1,2,0,0,1,0,0,2
35,0,0,0,0,3,1,1,0,1,0,6,4,3
23,0,1,0,0,0,0,2,0,3,3,0,0,1
105,0,0,0,2,1,1,2,0,1,2,0,2,3
14,0,0,0,0,1,1,2,0,1,3,0,2,1
11,1,0,0,0,0,0,1,0,0,0,0,4,2
22,0,1,0,0,0,0,0,0,1,4,0,4,3
113,1,0,0,0,0,0,1,0,0,1,0,4,2
74,0,1,0,0,0,0,2,0,1,4,5,0,3
12,0,1,0,0,0,0,2,0,1,4,0,4,3
137,1,1,0,0,0,6,0,0,1,0,1,0,3
75,3,0,0,0,0,0,0,0,0,1,0,4,2
7,1,0,0,0,1,1,0,0,0,0,0,0,2
113,1,1,12,0,4,2,0,0,0,0,0,4,2
66,1,0,0,0,0,0,0,0,1,4,1,0,3
20,1,0,0,0,7,2,1,0,1,2,0,2,3
137,0,0,0,0,0,0,0,0,1,0,0,3,3
75,3,0,0,0,0,0,1,0,1,0,0,1,3
50,1,1,12,0,4,2,0,2,0,1,0,4,6
47,0,1,0,0,1,1,2,0,1,4,5,0,3
7,0,0,0,0,1,1,2,0,3,3,0,1,1
39,0,0,0,0,2,1,2,0,1,2,0,0,3
143,0,1,0,0,7,6,1,0,1,0,0,0,3
125,1,1,0,0,0,0,0,0,0,1,0,0,2
40,1,0,0,0,0,0,1,0,1,2,0,4,3
92,1,0,0,0,1,1,0,0,0,1,0,3,2
131,1,0,0,0,0,0,1,0,0,1,0,0,2
140,3,0,0,0,0,0,0,0,0,1,0,0,2
11,0,1,0,0,1,1,2,0,1,4,0,4,3
52,0,0,0,0,3,1,2,0,1,0,0,4,3
131,0,0,0,0,0,0,1,0,1,0,6,4,3
129,0,0,0,0,1,1,2,0,1,0,0,4,3
114,0,0,0,0,0,0,0,0,0,0,0,1,2
23,1,0,0,0,0,0,1,0,0,0,0,4,2
36,1,0,0,0,0,0,0,0,1,0,1,0,3
93,1,0,0,0,1,1,2,0,0,0,0,4,2
13,3,0,0,0,5,1,1,0,2,3,4,0,2
109,1,1,0,0,1,1,2,0,1,0,1,4,3
56,0,0,0,0,3,1,1,0,1,0,0,1,3
13,1,0,25,0,0,0,1,1,0,1,0,4,2
63,1,0,0,0,2,1,2,0,1,0,0,4,3
127,0,0,0,0,1,1,2,0,1,0,0,1,3
138,1,1,12,0,4,2,0,1,0,1,0,4,2
18,0,0,0,0,0,0,1,0,3,3,2,1,1
14,1,0,0,0,0,0,1,0,1,0,1,1,3
146,0,0,0,0,0,0,1,0,0,1,0,2,2
4,1,0,0,0,0,0,0,0,1,2,1,0,3
130,1,0,0,0,0,0,0,0,0,1,0,4,2
28,0,0,0,0,7,0,1,0,1,0,0,1,3
73,1,0,12,0,4,2,0,3,1,5,1,4,3
116,3,0,0,0,0,0,0,0,0,2,0,7,2
48,0,0,0,0,0,0,0,0,0,0,0,3,2
137,1,0,0,0,0,0,1,0,1,4,0,0,3
105,1,0,0,0,1,1,2,0,0,0,0,0,2
109,3,0,0,0,0,0,1,0,0,1,0,0,2
37,0,0,0,0,0,0,1,0,1,0,3,4,6
90,0,1,0,0,1,5,3,0,0,0,0,2,2
97,1,0,0,0,0,0,0,0,1,0,1,1,3
24,1,0,0,0,0,0,0,0,1,3,0,0,0
98,0,1,0,0,1,1,2,0,1,4,0,0,3
99,1,0,0,0,1,1,2,0,0,1,0,0,2
96,0,1,12,0,4,2,0,0,1,0,1,4,3
104,1,1,12,0,4,2,0,2,0,0,1,4,6
55,1,0,0,0,1,1,0,0,0,2,0,4,2
0,3,0,0,0,1,1,0,0,0,1,1,0,2
18,1,0,25,0,0,0,1,1,0,1,0,0,2
63,1,0,12,0,4,2,0,3,4,5,1,4,4
53,1,0,0,0,0,0,1,0,1,0,1,4,3
82,3,0,0,0,0,0,0,0,1,0,0,1,3
79,1,0,0,0,0,0,0,0,1,2,0,4,3
23,0,1,0,0,0,0,0,0,3,3,0,0,1
65,1,0,0,0,0,0,1,0,1,4,5,0,3
71,3,0,0,0,0,0,0,0,0,1,0,1,2
43,0,0,0,0,3,5,1,0,1,0,6,0,3
22,0,0,0,0,0,0,1,0,0,0,0,4,2
25,0,0,0,0,1,1,1,0,1,0,0,1,3
35,0,0,0,0,1,1,2,0,0,1,0,4,2
40,3,0,0,0,1,1,2,0,3,3,0,3,1
131,1,0,0,0,0,0,0,0,0,3,0,1,2
106,1,1,0,0,1,1,2,0,0,1,0,4,2
25,1,0,12,0,4,2,0,3,4,5,1,4,4
66,0,0,0,0,0,0,1,0,1,0,6,4,3
99,1,1,0,0,1,1,2,0,0,2,0,4,2
11,0,0,0,0,1,1,2,0,3,3,0,0,1
48,3,0,0,0,0,0,0,0,1,2,2,0,3
90,3,0,0,0,5,1,3,0,2,3,4,3,2
112,0,1,0,0,1,1,2,0,1,0,0,4,3
87,0,1,0,0,0,0,1,0,1,0,6,4,3
81,1,0,0,0,0,0,0,0,1,4,1,0,3
97,1,0,0,0,0,0,0,0,0,1,0,0,2
91,1,0,0,0,0,0,1,0,0,1,0,0,2
149,0,1,0,0,0,0,1,0,0,1,0,0,2
37,0,1,0,0,0,0,0,0,3,3,0,0,1
28,1,0,0,0,0,0,0,0,1,3,0,3,3
118,1,0,0,0,0,0,1,0,0,1,0,0,2
61,1,0,25,0,0,0,1,1,0,1,0,2,2
86,3,0,0,0,0,0,0,0,0,2,0,0,2
131,1,1,12,0,0,0,0,1,2,3,9,1,2
89,3,0,0,0,0,0,0,0,0,2,0,1,2
106,3,0,0,0,0,0,0,0,0,2,0,2,2
61,3,0,0,0,0,0,0,0,0,1,0,4,2
111,0,1,0,5,0,0,0,0,1,0,0,1,3
15,1,1,0,0,7,2,0,0,0,0,1,0,2
78,1,0,0,0,0,0,0,0,1,4,2,3,3
90,1,0,0,0,0,0,1,0,0,1,0,0,2
9,3,0,0,0,0,0,0,0,1,0,1,0,3
85,1,0,12,0,4,2,2,3,0,2,0,4,4
76,0,1,0,0,0,0,1,0,1,0,0,1,3
15,1,0,0,0,0,0,0,0,0,1,0,4,2
110,0,0,0,0,0,0,0,0,0,0,0,1,2
41,3,0,0,0,0,0,0,0,1,2,1,1,1
12,0,0,25,0,0,0,0,1,0,1,0,4,2
139,3,0,0,0,0,0,1,0,0,2,0,3,0
98,3,0,0,0,0,0,0,0,0,2,0,3,2
19,1,0,0,0,1,1,2,0,0,1,0,3,2
144,0,0,0,0,0,0,0,0,0,1,0,0,2
27,3,0,0,0,0,0,0,0,0,1,0,4,2
6,3,0,0,0,1,1,0,0,0,1,0,0,2
115,1,0,0,0,0,0,0,0,0,1,0,4,2
10,1,1,0,0,0,0,2,0,3,3,1,1,1
63,3,0,0,0,0,0,0,0,1,2,0,0,3
122,1,0,0,0,0,0,1,0,0,1,0,4,2
74,1,0,0,0,0,0,0,0,1,4,1,0,3
142,1,1,0,0,7,2,0,0,1,0,0,4,3
18,1,0,0,0,0,0,0,0,1,0,1,0,3
62,0,0,0,0,0,0,1,0,1,0,0,3,3
89,3,0,0,0,0,0,0,0,1,0,0,0,3
97,1,1,12,0,4,2,0,1,2,3,0,4,6
123,0,1,0,0,0,6,0,0,1,0,0,1,2
74,1,0,0,0,0,0,0,0,0,2,0,4,2
75,1,0,0,0,1,1,0,0,0,0,0,2,2
125,0,0,0,0,1,1,2,0,1,0,0,2,3
40,1,0,0,0,0,0,1,0,0,0,1,4,6
142,3,0,0,0,0,0,1,0,0,1,0,4,2
25,0,0,0,0,1,1,2,0,1,0,0,2,2
112,1,1,0,0,7,8,2,0,0,1,2,4,2
46,0,0,0,2,1,1,2,0,1,0,0,4,3
68,3,0,0,0,0,0,0,0,0,2,0,0,2
76,1,0,0,0,1,1,2,0,0,1,0,4,2
149,1,0,0,0,0,0,0,0,1,0,0,0,3
72,1,1,0,0,7,1,2,0,1,0,0,1,2
141,1,1,0,0,7,0,0,0,0,0,0,2,2
40,0,0,0,0,3,5,0,0,0,0,0,4,2
29,0,1,12,0,4,2,0,2,0,6,0,4,6
11,1,1,12,0,0,0,0,1,0,0,0,4,2
118,0,0,0,0,3,5,2,0,1,0,0,0,3
127,3,0,0,0,0,0,1,0,0,1,0,0,2
123,3,0,0,0,0,0,0,0,0,0,0,1,2
21,0,0,0,0,1,1,2,0,0,0,0,4,2
53,1,0,0,0,2,4,2,0,1,0,1,0,3
105,0,0,0,0,1,1,2,0,0,0,1,1,2
45,1,0,0,0,0,0,1,0,0,2,1,4,6
30,0,0,0,0,0,0,1,0,1,0,6,3,3
132,0,0,0,0,0,0,0,0,0,0,0,0,2
138,1,0,0,0,0,0,1,0,0,1,0,1,2
19,0,0,0,0,0,0,0,0,0,0,0,4,2
102,3,0,0,0,0,0,0,0,0,2,0,7,2
139,0,0,25,0,0,0,0,1,0,1,0,4,2
62,0,0,0,0,1,1,2,0,0,2,0,4,2
129,1,1,0,0,0,0,0,0,0,0,0,1,2
85,3,0,0,0,0,0,0,0,0,2,0,0,2
27,0,0,0,0,3,5,0,0,0,0,0,3,2
91,1,0,0,0,0,0,0,0,1,4,0,0,3
18,1,0,0,0,0,0,1,0,1,2,0,4,3
38,0,0,0,0,2,1,2,0,1,2,0,2,3
90,0,0,12,0,4,1,2,0,4,6,0,4,4
130,1,1,0,0,0,0,0,0,0,1,0,1,2
135,3,0,0,0,0,0,1,0,0,1,0,4,2
120,1,0,0,0,0,0,1,0,1,0,1,0,3
18,0,0,0,0,1,1,2,0,1,3,0,2,3
139,0,0,0,0,0,0,0,0,0,0,0,0,2
104,3,0,0,0,0,0,0,0,0,0,0,0,2
67,3,0,0,0,0,0,1,0,0,1,0,4,2
139,0,0,0,0,0,0,0,0,3,3,0,3,0
50,0,0,0,0,1,1,0,0,0,0,0,4,2
15,1,0,0,0,1,1,2,0,1,0,0,4,3
126,0,0,0,0,0,0,0,0,0,1,0,1,2
19,0,0,0,0,1,1,0,0,1,0,2,3,3
39,0,0,0,0,0,0,0,0,1,2,0,4,3
15,3,0,0,0,1,1,2,0,3,3,0,0,1
132,1,0,0,0,0,0,0,0,0,1,0,1,2
61,0,0,0,0,1,1,2,0,0,0,0,3,2
85,0,0,0,0,2,1,1,0,1,0,0,0,3
72,1,0,0,0,1,1,2,0,0,1,1,4,2
16,1,0,0,0,0,0,0,0,0,0,1,4,2
73,0,1,0,0,0,0,2,0,1,4,0,1,3
70,3,0,0,0,0,0,0,0,1,2,1,4,3
100,3,0,0,0,0,0,0,0,0,1,0,0,2
20,1,0,24,0,0,0,1,2,0,0,0,4,2
106,0,1,0,0,0,0,2,0,3,3,0,3,1
133,3,0,0,0,0,0,1,0,0,1,0,1,2
25,0,0,0,0,1,1,2,0,1,3,0,3,3
144,1,0,0,0,0,0,1,0,1,0,0,1,3
126,0,1,0,0,3,1,0,0,1,0,0,1,2
55,1,0,0,0,0,0,0,0,1,4,1,4,3
69,0,1,0,0,0,0,2,0,1,0,0,1,3
98,0,0,0,2,1,1,2,0,0,2,0,4,2
138,0,0,0,0,0,0,0,0,0,1,0,4,2
62,0,0,0,0,1,1,0,0,1,4,2,4,3
29,0,0,0,0,1,1,2,0,1,2,0,4,3
64,0,0,0,0,3,1,1,0,1,0,0,0,3
29,1,0,25,0,0,0,1,1,0,1,0,4,2
19,0,0,0,0,1,1,2,0,1,4,0,4,3
145,0,1,0,0,2,1,2,0,1,0,0,1,3
137,1,1,0,0,0,0,0,0,1,2,1,0,3
74,1,0,0,0,1,1,2,0,0,0,1,0,2
123,0,0,0,0,2,1,2,0,1,0,0,1,3
2,1,1,12,0,4,2,0,3,4,5,1,4,4
104,0,0,0,0,0,0,0,0,0,1,0,3,2
64,0,0,0,0,0,0,0,0,1,0,0,1,3
6,0,0,0,0,2,1,2,0,1,0,0,3,3
26,1,0,0,0,0,0,0,0,1,0,0,4,3
0,0,0,0,0,1,1,2,0,1,0,6,4,3
26,0,1,0,0,0,0,1,0,3,3,0,0,1
113,1,1,12,0,4,0,0,1,0,1,9,0,2
28,0,0,0,0,2,1,2,0,1,0,0,0,3
69,3,0,0,0,0,0,0,0,0,2,0,0,2
9,3,0,0,0,1,1,0,0,0,1,0,3,2
87,1,0,0,0,0,0,0,0,1,0,0,3,3
67,0,0,0,0,0,0,0,0,0,0,0,0,2
69,0,1,0,0,0,0,2,0,1,4,2,1,3
15,1,0,0,0,0,0,0,0,0,0,0,0,2
37,0,0,0,0,0,0,1,0,1,0,6,4,3
106,1,0,0,0,0,0,1,0,0,1,0,2,2
19,1,0,0,0,0,0,0,0,1,0,1,0,3
125,1,0,0,0,1,1,2,0,0,1,0,0,2
24,0,0,0,0,2,1,2,0,1,0,0,0,3
69,1,0,0,0,0,0,0,0,1,4,0,0,3
116,0,0,0,0,3,1,1,0,1,0,0,1,3
32,1,0,0,0,0,0,1,0,0,1,0,1,2
26,0,0,0,0,2,1,2,0,1,0,0,0,3
124,1,0,0,0,0,0,1,0,0,1,0,4,2
105,0,0,0,0,0,0,0,0,1,2,0,0,3
55,1,0,0,0,0,8,1,0,0,1,2,4,2
44,0,0,0,0,0,0,1,0,0,0,0,3,2
104,1,1,0,0,7,0,3,0,0,1,0,0,2
114,1,1,0,0,1,1,2,0,0,1,1,4,2
102,1,0,0,0,1,1,2,0,0,1,0,1,2
88,3,0,0,0,0,0,0,0,1,2,0,4,3
116,0,1,0,0,0,0,0,0,1,0,0,1,3
9,0,0,0,0,1,1,2,0,1,0,0,3,3
12,0,0,0,0,1,1,2,0,0,0,0,1,2
112,3,0,0,0,0,0,0,0,1,4,0,4,3
70,3,0,0,0,0,0,1,0,0,1,0,0,2
87,3,0,0,0,1,1,2,0,0,1,0,3,2
136,1,0,0,0,0,0,1,0,0,1,0,3,2
15,0,0,0,0,1,1,2,0,0,0,0,4,2
82,1,0,0,0,1,1,2,0,0,1,0,0,2
99,1,1,0,0,0,0,3,0,0,1,0,0,2
84,1,0,0,0,5,1,3,0,0,1,0,1,2
120,1,1,0,0,4,2,0,0,1,5,1,4,3
12,0,0,0,0,1,1,2,0,3,0,0,3,1
32,0,1,0,0,1,2,1,0,1,4,0,4,3
103,1,0,0,0,0,0,0,0,0,1,0,0,2
38,0,0,0,0,1,1,2,0,0,2,2,0,2
22,0,0,0,0,1,1,2,0,0,2,0,4,2
149,3,0,0,0,0,0,1,0,0,1,0,0,2
93,1,0,0,0,0,0,0,0,0,2,1,4,1
126,1,1,0,0,0,0,0,0,0,1,0,4,2
40,3,0,0,0,1,1,2,0,0,3,4,6,2
11,1,0,0,0,0,0,1,0,0,2,0,4,2
147,1,0,0,0,0,0,1,0,0,1,0,0,2
13,0,0,0,0,1,1,2,0,1,0,0,1,3
112,1,0,0,0,0,0,0,0,3,3,0,4,1
63,0,1,0,0,1,1,2,0,1,4,0,0,3
114,0,0,0,0,1,1,2,0,1,2,0,0,3
6,1,1,0,0,0,0,1,0,0,1,0,4,2
41,0,0,0,0,0,0,1,0,1,0,6,4,3
120,3,0,0,0,0,0,0,0,0,0,0,1,3
125,1,0,0,0,0,0,1,0,0,0,0,1,2
137,0,1,0,0,0,0,0,0,1,0,0,0,3
133,1,0,0,0,0,0,0,0,1,0,0,0,3
9,0,0,24,0,0,0,1,2,0,0,0,4,6
119,1,0,0,0,1,1,2,0,1,2,1,4,3
133,1,0,0,0,0,0,1,0,0,1,0,1,2
83,1,0,0,0,0,0,1,0,1,4,0,1,3
124,1,0,0,0,0,0,0,0,0,1,0,0,2
117,1,1,0,0,0,0,0,0,0,1,0,0,2
116,1,1,12,0,4,2,0,1,0,1,0,4,2
29,0,0,0,0,0,0,1,0,0,0,0,3,2
141,0,0,0,0,0,0,0,0,1,0,0,3,3
36,0,0,0,0,0,0,1,0,0,0,0,4,2
146,3,0,0,0,0,0,0,0,0,1,0,0,2
80,1,1,0,0,4,2,2,0,0,0,0,4,2
60,3,0,0,0,0,0,1,0,1,2,2,3,3
144,3,0,0,0,0,0,0,0,0,1,0,0,2
80,1,0,0,0,0,1,2,0,0,1,0,0,2
110,3,0,0,0,0,0,0,0,0,2,0,2,2
27,0,0,0,0,7,0,1,0,0,0,0,3,2
17,0,0,0,0,0,0,1,0,0,1,0,4,2
99,1,1,0,0,0,0,0,0,0,1,0,0,2
78,1,0,0,0,0,0,1,0,0,1,0,1,2
85,0,0,0,0,0,1,3,0,0,1,0,4,2
45,0,1,0,0,4,2,1,0,1,0,0,4,0
24,0,0,0,0,1,1,1,0,3,3,0,2,1
64,0,1,0,0,0,0,0,0,1,0,0,3,3
64,3,0,0,0,0,0,0,0,0,1,0,1,2
30,0,0,0,0,0,0,1,0,0,3,0,1,2
128,1,0,0,0,0,0,1,0,0,1,0,4,2
98,1,0,0,0,5,1,3,0,2,3,4,3,2
106,1,0,0,0,4,0,0,0,0,1,0,4,2
11,0,0,0,0,1,1,2,0,1,0,0,4,3
9,1,0,0,0,0,0,0,0,3,3,0,4,1
3,0,0,0,0,1,1,2,0,1,4,0,0,3
20,1,1,0,0,0,0,1,0,0,0,0,4,2
126,1,0,0,0,0,0,1,0,0,1,0,4,2
47,0,0,0,0,1,1,2,2,0,1,0,4,6
60,0,0,0,0,0,0,1,0,2,3,0,1,2
103,3,0,0,0,0,0,0,0,0,2,0,4,2
58,0,1,0,0,1,1,2,0,1,4,0,0,3
34,0,0,0,0,1,1,0,0,1,4,2,0,3
17,0,0,0,0,1,1,2,0,0,0,0,3,2
4,1,0,0,0,0,0,1,0,0,1,0,4,2
18,0,0,0,0,1,1,2,0,0,1,1,4,2
113,0,0,0,2,1,1,2,0,1,0,1,4,3
28,0,0,0,0,1,1,2,0,0,0,2,3,2
149,3,0,0,0,0,0,1,0,0,1,0,6,2
15,0,0,0,0,3,5,0,0,0,0,0,4,2
74,3,0,0,0,0,0,0,0,1,2,0,0,3
61,0,0,0,0,0,0,1,0,0,1,0,1,2
138,1,0,0,0,0,0,0,0,0,1,0,4,2
108,0,1,0,0,0,0,3,0,0,0,0,1,2
103,0,0,0,0,0,0,0,0,0,0,0,4,2
79,0,0,0,0,3,1,2,0,0,0,0,4,2
108,1,0,0,0,0,0,1,0,0,1,0,0,2
95,1,1,0,0,0,0,1,0,0,1,0,4,2
130,3,0,0,0,0,0,1,0,0,1,0,0,2
114,0,0,0,0,0,0,0,0,1,2,0,4,3
18,0,0,0,0,1,1,2,0,1,4,2,0,3
121,3,0,0,0,0,0,0,0,0,1,0,0,2
142,3,0,0,0,0,0,1,0,0,1,0,0,2
56,0,0,0,2,1,1,2,0,0,0,0,3,2
130,0,0,0,0,3,0,0,0,0,0,0,1,2
66,3,0,0,0,0,0,0,0,0,2,0,0,1
115,3,0,0,0,1,1,2,0,2,2,4,1,2
123,0,0,0,0,0,0,0,0,0,0,0,4,2
0,1,0,0,0,1,1,1,0,0,2,0,0,2
23,1,0,0,0,1,1,2,0,0,1,0,4,2
0,1,1,0,0,1,2,0,0,1,0,1,1,3
54,0,1,0,0,1,1,2,0,1,4,0,0,3
103,0,0,0,0,1,1,2,0,1,0,0,3,3
103,3,0,0,0,1,1,3,0,0,1,4,4,2
74,3,0,0,0,0,0,0,0,1,2,1,1,3
135,0,1,0,0,0,0,1,0,1,4,0,0,3
24,0,0,0,0,1,1,0,0,3,3,1,4,3
142,3,0,0,0,0,0,1,0,0,1,0,0,2
37,1,0,0,0,0,0,0,0,3,3,0,3,1
0,0,1,0,0,1,1,2,0,1,4,0,0,1
55,3,0,0,0,0,0,0,0,0,2,0,1,2
19,3,0,0,0,1,1,2,0,3,3,0,1,1
141,0,1,12,0,0,0,0,1,0,1,0,4,2
24,0,0,25,0,0,0,0,1,0,6,0,4,6
136,3,0,0,0,0,0,0,0,0,1,0,0,2
98,1,0,0,0,0,0,0,0,1,4,0,4,3
143,1,0,0,0,0,0,1,0,0,1,0,4,2
142,3,0,0,0,0,0,1,0,0,0,0,3,2
141,1,0,0,0,0,0,0,0,0,1,0,0,2
17,0,1,0,0,0,0,0,0,1,4,0,1,3
16,3,0,0,0,1,1,0,0,0,1,1,0,2
33,0,0,0,0,1,5,0,0,0,0,0,3,2
5,0,0,24,0,0,2,0,2,0,0,0,4,6
10,0,1,0,0,0,0,2,0,1,4,1,1,3
87,1,0,0,0,2,1,2,0,1,2,0,2,3
141,0,0,0,0,0,0,0,0,0,0,0,0,2
25,0,0,24,0,0,0,0,2,5,0,3,4,6
6,0,0,0,0,1,1,2,0,1,0,0,3,3
79,0,0,0,0,0,0,0,0,1,0,1,4,3
103,1,1,12,0,4,2,2,0,0,1,2,4,2
90,1,0,0,0,1,1,3,0,0,1,0,0,2
10,0,0,0,0,0,1,1,0,1,0,0,1,3
6,0,0,0,0,2,1,2,0,1,0,0,4,3
77,0,0,0,0,3,1,0,0,0,0,0,0,2
83,1,0,0,0,0,0,0,0,0,1,0,2,2
13,1,0,0,0,0,0,0,0,1,4,1,4,3
73,1,1,0,0,1,1,0,0,1,0,1,1,3
3,0,0,0,0,1,1,1,0,3,3,0,3,0
42,1,0,0,0,0,0,1,0,0,1,0,4,2
106,3,0,0,0,0,0,0,0,0,2,0,0,2
125,1,0,0,0,0,0,0,0,0,0,0,4,2
43,0,0,0,0,1,1,2,0,0,0,0,3,2
110,3,0,0,0,0,0,0,0,0,2,0,2,2
88,3,0,0,0,1,1,2,0,0,2,4,1,0
91,1,1,0,0,1,1,2,0,0,0,0,4,2
82,1,1,0,0,7,6,3,0,0,0,0,1,2
64,1,0,0,0,7,2,0,0,1,2,0,2,0
145,1,1,0,0,0,0,0,0,3,3,0,3,1
45,0,0,24,0,0,0,0,2,1,6,3,4,6
109,3,0,0,0,0,0,0,0,0,2,0,2,2
37,1,0,0,0,1,1,1,0,1,0,1,4,6
149,1,1,0,0,0,0,0,0,0,0,0,0,2
18,1,0,0,0,0,0,0,0,1,4,1,4,3
114,1,0,0,0,0,0,1,0,0,1,0,0,2
49,3,0,0,0,0,0,0,0,1,2,0,0,3
79,0,0,0,0,2,1,1,0,1,0,0,1,3
123,0,0,0,0,0,0,0,0,0,0,0,1,2
37,0,0,0,0,0,0,1,0,0,0,0,4,6
23,0,1,0,0,1,1,2,0,1,0,0,0,3
20,0,0,0,0,3,0,0,0,3,3,0,1,0
129,0,1,0,0,0,0,0,0,1,0,0,2,3
98,1,0,0,0,0,0,1,0,0,3,0,3,2
71,3,0,0,0,0,0,0,0,0,1,0,4,2
128,1,0,0,0,0,0,0,0,0,1,0,4,2
111,1,0,0,0,1,1,2,0,0,1,1,0,2
17,0,0,0,0,2,1,2,0,1,0,0,2,3
84,1,0,0,0,1,1,2,0,0,1,0,0,2
110,1,1,0,0,1,1,2,0,0,2,0,4,2
126,1,1,0,0,0,0,3,0,0,1,0,0,2
4,0,0,0,0,0,0,1,0,3,3,0,1,1
95,0,1,0,0,0,0,0,0,2,0,0,4,6
110,0,0,0,0,0,0,0,0,1,0,6,4,3
89,1,0,0,0,0,0,0,0,1,2,1,0,3
32,0,0,0,0,2,1,2,0,1,0,0,2,3
18,1,0,25,0,0,0,0,1,5,6,0,4,4
83,0,1,0,0,0,0,0,0,2,1,0,4,2
23,1,1,0,0,7,0,1,0,0,1,0,3,2
41,1,0,0,0,1,1,1,0,1,2,1,4,6
59,1,0,0,0,0,0,1,0,0,2,0,3,2
85,3,0,12,0,4,2,0,0,2,3,4,4,2
33,1,0,0,0,1,1,1,0,0,2,2,0,2
54,3,0,0,0,0,0,0,0,0,2,0,0,2
18,1,1,0,0,7,0,1,0,0,0,0,1,2
62,3,0,0,0,0,0,0,0,1,2,1,0,3
65,0,0,0,0,0,0,0,0,1,0,0,1,3
13,0,1,12,0,4,2,0,2,2,5,0,4,0
30,1,0,0,0,1,1,1,0,0,2,0,4,2
12,1,0,24,0,0,0,0,1,5,6,0,4,4
143,1,1,0,0,0,0,1,0,1,0,1,0,3
120,0,0,0,0,0,0,1,0,0,1,0,4,2
90,1,0,0,0,1,1,2,0,0,2,0,2,2
140,1,0,0,0,0,0,1,0,1,0,1,0,3
22,0,0,0,0,1,1,2,0,1,4,0,3,3
87,1,0,0,0,1,1,2,0,0,1,2,0,2
125,1,0,0,0,0,0,1,0,0,1,0,0,2
138,0,1,0,0,0,0,2,0,1,4,0,0,3
25,0,0,0,0,1,1,2,0,1,0,2,1,3
38,0,1,0,0,0,0,0,0,0,1,0,4,2
100,1,0,0,0,0,0,1,0,0,1,0,1,2
124,1,0,0,0,1,1,2,0,1,2,0,4,3
17,1,0,0,0,0,0,0,0,0,2,0,0,2
135,1,0,0,0,0,0,1,0,0,2,0,0,2
92,3,0,0,0,0,0,0,0,0,1,0,0,2
28,1,1,12,0,4,2,0,1,0,0,0,1,2
54,1,0,0,0,0,0,1,0,6,10,0,0,8
94,1,0,0,0,0,0,1,0,0,1,0,4,2
62,3,0,0,0,0,0,0,0,1,2,0,3,3
112,3,0,0,0,0,0,0,0,0,2,0,0,2
72,1,0,0,0,0,0,1,0,0,0,0,0,2
117,1,0,0,0,0,0,1,0,0,1,0,3,2
109,0,1,12,0,4,0,0,2,0,1,0,4,2
20,0,0,0,0,1,1,0,0,1,0,2,3,3
101,3,0,0,0,0,0,0,0,0,1,0,2,2
28,0,0,0,0,1,1,2,0,0,2,0,4,2
118,1,0,0,0,0,0,1,0,1,0,0,1,3
74,0,0,0,0,0,0,1,0,1,0,0,1,3
13,1,1,0,0,0,0,0,0,0,0,0,4,2
21,1,1,0,0,0,0,1,0,1,0,0,1,3
62,0,0,0,0,3,0,1,0,1,0,0,4,3
111,1,0,12,0,4,2,2,1,0,1,0,4,2
75,1,0,0,0,0,0,1,0,0,2,0,4,2
125,1,1,0,0,7,2,2,0,0,2,0,2,2
36,3,0,0,0,1,1,2,0,0,2,0,3,2
107,0,0,0,0,1,1,2,0,0,0,1,1,3
29,1,0,0,0,0,0,1,0,1,0,0,1,2
124,0,0,0,0,0,0,0,0,0,0,0,0,2
87,0,0,0,0,1,1,2,0,1,0,0,3,3
14,1,0,0,0,1,1,2,0,0,1,2,4,2
131,3,0,0,0,0,0,0,0,1,4,0,0,3
115,1,1,0,0,4,2,2,0,0,1,0,0,2
43,1,0,0,0,1,1,2,0,1,2,1,2,3
118,0,0,0,0,1,1,2,0,1,2,0,4,3
102,1,0,0,0,2,1,2,0,1,0,1,3,3
148,0,1,0,0,0,0,1,0,1,0,0,3,3
28,0,0,0,0,1,1,1,0,3,3,6,0,1
120,1,1,0,0,0,0,0,1,0,1,0,4,2
37,1,0,0,0,0,0,1,0,0,1,2,0,2
2,0,0,0,0,1,1,2,0,3,3,0,4,1
23,1,0,0,0,0,0,0,0,1,4,1,4,3
8,1,0,0,0,1,1,0,0,0,2,2,4,2
117,1,0,0,0,0,0,1,0,1,0,0,3,0
37,0,1,0,0,1,1,0,0,1,4,0,4,3
122,3,0,0,0,0,0,0,0,0,1,0,0,2
88,0,1,0,0,0,0,0,0,1,4,0,4,3
17,1,0,0,0,1,1,0,0,0,1,0,0,2
4,1,0,0,0,0,0,1,0,0,0,0,4,2
120,3,0,0,0,0,0,0,0,0,2,0,0,2
120,3,0,0,0,0,0,0,0,0,2,0,3,2
96,1,0,0,0,1,1,2,0,0,1,0,1,2
113,1,0,0,0,0,0,1,0,0,1,0,4,2
67,1,0,0,0,0,0,1,0,1,0,0,3,3
16,1,0,0,0,0,0,1,0,0,0,0,4,2
127,1,0,0,0,0,0,1,0,1,0,0,0,3
20,1,0,0,0,0,1,1,0,0,2,0,4,6
66,1,0,0,0,1,1,0,0,0,1,0,1,2
51,0,0,0,0,0,0,1,0,0,1,0,1,2
24,0,0,0,0,3,1,1,0,1,4,0,2,3
8,1,1,12,0,4,2,0,3,4,5,1,4,4
43,3,0,0,0,1,1,2,0,1,2,1,1,3
128,1,0,0,0,0,0,1,0,1,4,0,1,3
73,1,0,0,0,1,1,2,0,0,0,0,1,2
18,0,0,0,0,0,0,1,0,0,2,0,4,6
133,1,1,0,0,0,0,2,0,0,1,0,4,2
27,0,0,0,0,1,1,1,0,1,0,2,0,3
6,0,0,0,0,1,1,2,0,1,0,0,0,3
65,0,0,0,0,0,0,0,0,1,2,2,1,3
95,0,0,0,0,1,1,2,0,0,1,0,1,2
49,3,0,0,0,0,0,0,0,0,2,0,4,2
3,0,0,0,0,1,1,2,0,1,4,0,4,3
65,0,0,0,0,1,1,1,0,1,0,0,3,3
129,1,0,0,0,0,0,1,0,2,3,0,2,0
75,0,0,0,0,0,0,1,0,1,0,6,0,3
95,0,1,0,0,0,0,0,0,0,0,0,1,2
132,1,0,0,0,0,0,1,0,0,0,0,0,2
56,3,0,0,0,0,0,0,0,1,2,0,0,3
84,3,0,0,0,1,1,2,0,0,0,0,3,2
80,3,0,0,0,0,0,0,0,0,1,0,4,2
136,0,1,0,0,7,1,2,0,1,0,0,1,3
17,1,0,0,0,0,0,1,0,0,2,0,4,2
0,3,0,0,0,1,1,0,0,0,1,0,3,2
27,0,1,0,0,1,1,2,0,3,0,0,0,3
108,3,0,0,2,1,1,2,0,0,2,0,4,2
43,1,0,0,0,0,0,1,0,0,2,0,7,2
114,3,0,0,0,0,0,0,0,0,1,0,2,2
17,0,0,0,0,0,0,0,0,1,0,0,4,6
140,0,0,0,0,0,0,0,0,0,1,0,1,2
25,1,1,0,0,0,0,0,0,0,1,0,0,2
127,1,1,12,0,4,2,2,1,0,1,0,0,2
144,1,1,0,0,3,1,0,0,1,0,0,0,3
22,1,0,25,0,0,0,0,1,2,3,0,0,0
135,0,0,0,0,3,1,1,0,1,0,0,1,3
22,1,0,0,0,0,0,0,0,0,0,0,4,2
119,1,0,0,0,0,0,0,0,0,1,0,0,2
16,1,0,0,0,0,0,0,0,1,4,1,0,3
13,1,0,0,0,0,0,0,0,0,1,0,4,2
145,0,0,0,0,0,0,0,0,0,2,0,6,2
22,0,1,0,0,0,0,2,0,3,3,0,0,1
73,1,1,0,0,1,1,2,0,0,0,0,2,2
126,1,0,0,0,2,1,2,0,1,0,1,3,3
100,0,1,0,0,0,0,2,0,1,4,0,4,3
59,3,0,0,0,1,1,2,0,0,1,4,3,2
24,1,0,25,0,0,0,0,1,2,3,0,4,6
45,1,0,0,0,0,0,1,0,0,2,0,4,2
39,1,0,0,0,7,2,1,0,0,2,1,4,6
114,1,0,0,0,0,0,0,0,2,3,0,7,2
19,0,0,0,0,1,1,1,0,3,3,0,3,1
125,1,0,0,0,0,0,0,0,0,2,0,1,2
131,1,1,0,0,0,0,0,0,1,2,1,0,3
31,0,0,0,0,2,1,2,0,1,0,0,3,3
117,0,0,0,0,0,0,0,0,1,0,0,0,3
98,0,0,0,0,0,0,1,0,0,1,0,0,2
125,0,0,0,0,0,0,0,0,1,0,0,0,3
108,0,1,0,5,0,0,0,0,1,0,0,0,3
133,1,0,0,0,0,0,0,0,0,0,0,0,2
75,0,0,0,0,1,1,2,0,0,2,2,1,2
24,0,0,0,0,3,1,0,0,0,2,0,4,2
33,0,1,0,0,0,0,1,0,3,3,0,0,1
8,1,1,12,0,4,2,0,2,0,0,0,4,6
130,1,1,0,0,0,0,0,0,1,0,0,3,3
72,1,1,0,0,1,1,2,0,0,0,1,0,2
134,3,0,25,0,0,0,0,1,0,1,0,4,2
118,0,0,0,0,0,0,0,0,0,0,0,2,0
28,0,0,0,0,0,0,0,0,3,3,0,3,1
141,1,0,0,0,0,0,1,0,0,1,0,4,2
115,1,0,0,0,0,0,1,0,0,0,0,5,2
127,1,1,0,0,0,0,0,0,0,0,0,0,2
103,1,0,0,0,0,0,0,0,1,4,1,0,3
11,1,1,12,0,4,2,0,3,4,5,1,4,4
14,0,0,0,0,0,0,1,0,1,0,6,3,3
149,1,0,0,0,0,0,1,0,0,1,0,0,2
142,3,0,0,0,0,0,0,0,0,2,0,7,2
4,1,1,0,0,0,0,0,1,3,3,0,4,1
0,3,0,0,0,1,1,0,0,0,1,0,4,2
9,0,0,0,0,0,0,1,0,1,0,0,1,3
69,0,1,0,0,0,0,2,0,1,4,2,1,3
82,0,1,0,0,0,0,2,0,1,4,0,3,3
12,0,0,0,0,2,1,2,0,1,0,0,1,3
133,1,1,0,0,7,1,2,0,1,0,0,0,3
15,1,0,24,0,0,0,1,2,0,1,5,4,6
105,0,0,0,0,0,0,0,0,3,3,0,3,1
83,0,1,0,0,0,0,0,0,1,2,0,1,3
104,1,0,0,0,0,0,0,0,0,3,0,3,2
97,1,0,0,0,1,1,2,0,2,2,0,1,0
99,0,0,0,0,0,0,0,0,1,4,0,2,3
29,1,0,0,0,0,0,1,0,1,0,0,1,3
102,0,0,0,0,0,0,0,0,0,1,0,0,2
22,0,0,0,0,2,1,2,0,1,0,0,0,3
142,0,1,0,0,0,0,1,0,1,0,0,3,3
10,0,0,0,0,1,1,1,0,3,3,6,0,1
33,0,0,0,0,2,1,2,0,1,0,0,4,3
70,0,0,0,0,1,1,2,0,0,2,0,4,2
87,0,0,0,0,0,0,0,0,0,0,0,1,2
103,1,0,0,0,0,0,0,0,0,0,0,0,2
96,3,0,0,0,0,0,0,0,0,2,0,2,2
67,1,0,0,0,1,1,2,0,0,0,0,1,2
25,0,1,0,0,0,0,0,0,1,2,1,4,3
136,0,1,0,0,7,2,2,0,1,4,0,0,3
45,0,0,0,0,1,1,1,0,0,0,0,4,6
59,3,0,0,0,0,0,0,0,1,2,0,0,3
81,1,0,0,0,0,0,0,0,1,2,1,0,3
149,3,0,0,0,0,0,1,0,0,1,0,0,2
118,3,0,0,0,0,0,0,0,0,2,0,0,1
133,0,0,0,0,0,0,0,1,0,1,0,4,2
92,0,1,0,0,1,1,2,0,2,0,0,4,6
99,0,1,12,0,4,2,0,2,2,0,0,4,6
60,0,0,0,0,2,1,1,0,1,0,0,1,3
100,1,1,0,0,1,1,2,0,0,1,0,1,2
120,1,0,0,0,0,0,1,0,0,0,0,3,2
77,1,1,12,0,4,2,0,1,2,3,9,4,0
9,1,1,0,0,7,2,0,0,1,0,1,0,5
119,3,0,0,0,0,0,0,0,0,2,0,0,2
11,1,0,0,0,0,0,0,0,1,0,1,4,3
111,1,0,0,0,0,0,0,0,0,0,0,0,2
147,0,1,0,0,0,0,2,0,3,0,6,0,3
118,0,1,0,0,0,0,0,0,0,1,0,0,2
12,0,0,0,0,1,1,2,0,1,0,0,4,3
49,0,0,0,0,3,1,1,0,0,0,0,4,2
46,0,1,0,0,1,1,2,0,1,4,0,4,3
29,0,0,0,0,1,1,2,0,0,2,0,2,2
111,1,0,0,0,0,0,0,0,0,1,0,0,2
26,3,0,0,0,0,0,1,0,1,2,0,0,3
36,1,1,0,0,0,0,0,0,1,4,1,0,3
16,1,1,0,0,0,0,2,0,3,3,0,0,1
118,3,0,0,0,0,0,0,0,0,1,0,2,2
47,1,0,0,0,1,1,2,0,0,0,0,0,2
7,1,0,25,0,0,0,0,1,5,6,1,4,4
51,1,1,0,0,0,0,0,0,1,4,0,0,3
71,1,0,0,0,1,4,0,0,1,4,1,0,3
9,0,0,0,0,3,1,1,0,0,0,0,4,2
140,1,1,12,0,0,0,1,1,0,1,2,0,2
61,3,0,0,0,2,1,2,0,1,0,0,3,3
57,0,0,0,0,3,1,1,0,0,0,0,1,2
48,0,0,0,0,1,1,2,0,1,4,0,2,3
132,0,0,0,0,3,1,1,0,1,0,0,1,3
23,0,0,0,0,0,0,1,0,0,1,0,4,2
143,1,1,0,0,7,6,3,0,1,0,0,1,3
56,1,1,0,0,0,0,0,0,1,2,0,4,3
120,1,0,0,0,0,0,0,0,0,1,0,5,2
15,0,0,0,0,1,1,2,0,1,0,0,1,3
32,1,0,0,0,7,8,1,0,1,2,0,0,3
20,3,0,0,0,0,0,1,0,1,0,0,1,3
123,1,0,0,0,0,0,1,0,0,1,0,2,2
92,1,0,0,0,1,1,2,0,0,2,0,4,2
85,1,1,0,0,1,1,2,0,1,0,0,1,3
29,0,0,0,0,1,1,2,0,1,0,0,4,3
11,0,1,0,0,0,2,0,0,1,0,1,1,0
79,0,1,0,0,0,0,0,0,1,4,1,4,3
61,0,1,0,0,0,0,2,0,1,4,5,1,3
56,0,1,0,0,1,1,2,0,1,4,0,0,3
135,1,1,0,0,0,0,0,0,0,1,0,0,2
79,3,0,0,0,1,1,2,0,0,1,1,0,2
7,1,0,0,0,0,0,1,0,0,0,0,0,2
29,1,0,0,0,0,0,0,0,0,0,0,4,2
103,0,0,0,0,2,1,2,0,1,0,0,0,3
62,1,0,0,0,1,1,2,0,1,0,1,1,3
17,3,0,0,0,2,1,2,0,1,0,0,3,3
16,0,0,0,0,0,1,1,0,3,3,6,1,1
149,0,0,0,0,0,0,0,0,0,1,0,1,2
110,0,0,0,0,0,0,0,0,0,0,0,1,3
14,0,1,0,0,0,0,0,0,3,3,0,4,1
119,1,0,0,0,5,1,0,0,0,1,0,0,2
78,1,1,0,0,7,1,3,0,0,0,0,4,2
32,0,0,0,0,1,1,2,0,1,0,0,1,3
30,0,0,0,0,1,1,2,0,0,0,0,3,2
9,3,0,0,0,0,0,0,0,0,1,0,0,2
35,0,0,0,0,0,0,0,0,0,2,0,4,6
113,1,1,0,0,0,0,0,0,0,1,0,0,2
67,1,0,0,0,0,0,2,0,0,1,0,0,2
16,0,0,0,0,6,1,2,0,3,3,0,1,1
91,1,0,12,0,4,2,2,0,0,2,1,4,6
111,3,0,0,0,0,0,0,0,0,0,0,3,3
99,1,0,0,0,2,1,2,0,0,2,0,1,2
27,0,1,0,0,0,0,0,0,1,0,0,0,3
121,1,0,0,0,0,0,1,0,0,1,0,0,2
126,0,1,0,0,1,1,0,0,1,0,0,4,3
86,1,1,0,0,3,1,2,0,1,0,0,4,3
84,0,0,0,0,1,1,2,0,1,0,0,3,3
18,0,0,0,0,1,1,1,0,2,3,0,3,2
89,0,0,0,0,1,1,2,0,0,0,0,3,2
12,1,1,0,0,7,0,3,0,0,1,0,2,2
46,1,0,0,0,0,0,0,0,1,2,0,2,3
29,1,0,0,0,0,0,0,0,0,2,0,0,2
64,1,0,0,0,0,0,0,0,1,4,0,4,3
74,3,0,0,0,0,0,0,0,0,2,0,4,2
149,0,0,0,0,0,0,1,0,0,2,0,2,2
42,0,0,0,0,1,0,1,0,3,3,0,4,1
143,1,0,0,0,0,0,0,0,1,0,0,0,3
110,0,0,0,0,0,0,1,0,0,1,0,3,2
102,3,0,0,0,0,0,1,0,0,1,0,1,2
116,3,0,0,0,5,1,2,0,0,2,4,1,2
77,0,0,0,0,0,0,0,0,1,2,0,1,3
7,1,0,0,0,0,0,0,0,0,0,0,4,2
70,3,0,0,0,0,0,1,0,1,4,0,0,3
42,0,0,0,0,1,1,1,0,3,3,0,4,1
24,0,0,0,0,1,1,1,0,3,3,6,0,1
61,0,1,0,0,2,1,2,0,1,0,0,0,3
38,0,0,0,0,1,1,2,0,1,0,0,4,3
131,0,1,0,0,1,1,2,0,1,0,0,4,3
73,0,1,0,0,0,0,2,0,1,4,5,0,3
76,1,0,0,0,0,0,0,0,1,4,1,0,3
0,0,0,0,0,1,1,2,0,1,0,0,3,3
8,1,0,25,0,0,0,0,1,2,3,0,0,0
71,0,0,0,0,2,1,2,0,1,0,0,4,3
48,0,0,0,0,1,1,2,0,0,1,0,1,2
118,0,0,0,0,0,0,1,0,0,0,0,3,2
13,0,0,0,0,1,1,1,0,3,3,6,2,1
121,1,0,0,0,0,0,0,0,0,2,0,2,2
52,1,0,25,0,0,0,0,1,2,3,0,2,0
92,0,0,0,0,0,0,3,0,0,1,0,0,2
119,3,0,0,0,0,0,1,0,0,2,0,3,1
39,0,0,0,0,1,1,2,0,1,0,0,4,3
15,1,0,0,0,0,0,1,0,0,1,0,4,2
121,0,0,0,0,0,0,0,0,1,0,6,4,3
69,0,0,0,0,0,0,0,0,0,2,0,2,2
87,1,0,0,0,2,4,2,0,1,0,1,0,3
21,0,0,0,0,2,1,1,0,1,0,0,4,3
117,1,1,12,0,4,2,0,1,0,1,0,0,2
46,1,0,0,0,0,0,1,0,1,0,1,4,3
66,0,0,0,0,0,0,1,0,0,0,0,3,2
18,1,0,0,0,0,0,0,0,1,4,0,3,3
129,0,1,0,0,0,0,2,0,1,4,0,0,3
21,1,0,0,0,0,0,1,0,0,2,1,4,2
13,1,1,12,0,4,2,0,3,1,0,0,4,4
68,0,0,0,0,0,0,1,0,0,0,0,1,0
140,0,1,0,0,1,1,2,0,1,0,0,0,3
149,0,0,0,0,2,1,1,0,1,0,0,4,3
27,0,0,0,0,2,1,2,0,1,0,0,3,3
75,0,1,0,0,3,1,3,0,1,0,0,4,3
20,1,0,0,0,0,0,1,0,0,1,0,2,2
21,1,1,0,0,7,2,1,0,0,0,0,0,2
74,3,0,0,0,0,0,0,0,0,2,0,4,2
38,0,0,0,0,1,2,2,0,1,2,0,4,6
44,1,0,0,0,0,0,1,0,0,0,0,4,2
20,1,0,0,0,0,0,1,0,0,2,0,4,2
37,0,0,0,0,1,1,2,0,1,4,0,0,3
91,3,0,0,0,1,1,2,0,0,2,0,3,2
96,0,1,0,0,7,6,2,0,1,0,0,2,3
121,0,1,0,0,0,1,3,0,2,3,0,1,2
18,0,0,0,0,1,1,2,0,3,0,0,3,1
67,1,0,0,0,4,2,0,2,1,0,1,4,6
117,1,0,0,0,0,0,0,0,0,1,0,0,2
50,1,0,0,0,4,2,3,0,2,3,0,2,2
30,3,0,0,0,0,0,0,0,1,0,0,1,3
29,1,0,0,0,0,0,1,0,0,2,0,4,2
9,0,0,0,0,1,1,1,0,3,3,2,0,2
117,1,0,0,0,1,1,2,0,0,1,0,1,2
71,0,0,0,0,3,1,3,0,1,0,0,0,3
29,1,1,0,0,0,0,0,0,0,1,0,1,2
62,3,0,0,0,1,1,2,0,0,1,0,1,2
47,1,0,0,0,0,0,0,1,0,2,0,2,0
9,0,1,0,0,0,0,2,0,3,3,0,1,0
37,1,0,0,0,0,0,1,0,0,1,0,4,2
109,3,0,0,0,0,0,0,0,0,1,0,4,2
42,0,0,0,0,0,0,1,0,1,4,0,2,3
142,1,1,0,0,0,0,1,0,0,1,2,0,2
107,0,1,0,0,0,0,3,0,2,0,0,1,2
87,0,0,0,2,1,1,2,0,0,2,0,3,2
144,0,0,0,0,0,0,0,0,0,1,0,4,2
115,0,0,0,0,0,0,1,0,3,3,0,1,1
70,1,0,0,0,0,0,0,0,0,2,0,3,2
28,1,1,0,0,7,2,3,0,0,0,0,0,2
95,1,0,0,0,0,0,0,0,0,1,0,0,2
11,3,0,0,0,1,1,2,0,1,0,0,1,3
52,0,0,0,0,3,1,1,0,1,0,0,1,0
98,1,0,0,0,0,0,0,0,0,0,0,4,2
21,0,1,0,0,0,0,0,0,1,4,1,4,3
39,1,0,0,0,3,1,1,0,1,0,0,0,3
117,0,0,0,0,1,1,2,0,1,2,0,4,3
62,0,0,0,0,3,1,1,0,1,0,0,0,3
17,0,0,0,0,2,1,2,0,1,2,0,4,3
120,0,1,0,0,0,0,0,0,0,0,0,0,2
93,0,0,0,0,1,1,2,0,0,0,0,1,2
62,3,0,0,0,0,0,0,0,1,2,0,0,3
93,1,1,0,0,1,1,2,0,0,0,1,3,2
134,0,0,0,0,0,0,0,0,0,0,0,0,2
60,0,0,0,0,1,1,2,0,1,2,1,4,3
68,3,0,0,0,0,0,0,0,1,2,1,1,3
91,3,0,0,0,0,0,0,0,1,2,0,2,1
33,1,1,0,0,0,0,1,0,0,1,2,4,2
9,1,0,12,0,4,2,0,0,3,3,9,0,1
135,1,0,0,0,0,0,0,0,1,0,1,0,3
19,0,0,0,0,3,5,0,0,0,0,0,3,2
17,0,1,0,0,1,1,2,0,1,0,0,1,3
24,1,1,0,0,0,0,0,0,0,0,0,0,2
0,0,0,0,0,1,1,1,0,3,3,0,3,1
144,0,0,0,0,3,1,1,0,1,0,0,3,3
35,1,0,0,0,0,0,1,0,0,0,0,3,2
3,1,0,12,0,4,0,0,1,2,6,0,4,6
49,0,0,0,0,1,1,2,0,1,0,0,3,3
100,3,0,0,0,0,0,1,0,0,2,0,3,2
106,0,0,0,0,0,0,1,0,0,0,0,3,2
143,0,0,0,0,0,0,1,0,0,1,0,0,2
77,0,0,0,0,0,0,0,0,1,0,0,1,1
147,0,1,0,0,0,0,1,0,1,0,0,0,3
123,1,1,0,0,0,0,0,0,0,1,0,4,2
72,3,0,0,0,0,0,1,0,0,2,0,0,2
19,0,0,0,0,3,1,1,0,1,0,0,2,2
81,3,0,0,0,0,0,0,0,0,1,0,0,2
138,1,0,0,0,0,0,0,0,1,0,0,4,3
